id,n_distinct_pred,acc,p_gold_mean,p_gold_std,p_gold_range,conf_range,unstable
31,4,0.0,0.019482217729091086,0.002193386893698578,0.007418708875775001,0.054369866847992054,True
191,4,0.0,0.15587309002876226,0.016558815487436183,0.05510362982749903,0.10817009210586603,True
230,4,0.0,0.027513707987963834,0.001619190156668692,0.005892755463719,0.014761805534362904,True
242,4,0.0,0.006382297588667042,0.0004736683787005047,0.0016200128011410004,0.0023737549781799316,True
305,4,0.75,0.44093228504061655,0.013299668565896419,0.039843380451203,0.037306010723114014,True
336,4,0.0,0.1299138910447554,0.007852395069520696,0.026112779974936995,0.043193280696868896,True
365,4,0.0,0.007175292063038334,0.0007663927159268708,0.0023477296344940005,0.007867991924286,True
379,4,0.0,0.28169876833756735,0.013704986036560623,0.04518157243728699,0.043668031692504994,True
481,4,1.0,0.4379057424763833,0.017867711991911905,0.061729341745375976,0.061729341745375976,True
586,4,0.0,0.07396175557126555,0.003470999331322482,0.011645145714283003,0.03786754608154297,True
635,4,0.0,0.10212913093467518,0.00456061307698114,0.015846416354178994,0.023029685020446,True
658,4,0.0,0.07923583655307642,0.008274824658894295,0.025552451610565005,0.036476910114288,True
668,4,0.0,0.11786171266188177,0.016584243658118107,0.05560448765754701,0.08378428220748901,True
681,4,0.0,0.14513648611803798,0.010945980095567357,0.03362107276916501,0.066616982221603,True
721,4,0.3333333333333333,0.2954474178453282,0.01909953278229783,0.05272543430328397,0.047701805830002,True
747,4,0.0,0.31686917940775505,0.013376047415562078,0.04531764984130798,0.052682161331177035,True
799,4,0.0,0.022646823742736837,0.0015939827576224243,0.0054669361561540016,0.011992990970612016,True
838,4,1.0,0.8619199891885118,0.06644758366485562,0.22466850280761697,0.22466850280761697,True
846,4,0.0,0.05878941714763588,0.003954384980946683,0.014041382819415,0.020341694355010986,True
851,4,0.0,0.029025936344017084,0.0029103821830152718,0.009947074577212,0.019647121429444026,True
863,4,0.0,0.07930003292858567,0.011257048044432262,0.030425950884819003,0.04505926370620705,True
873,4,0.0,0.1380646778270599,0.016689417531940573,0.05874116718769101,0.06295037269592296,True
931,4,0.0,0.009490923490374835,0.001098038701164211,0.0032896278426049995,0.00719028711319003,True
980,4,0.0,0.015784765516096876,0.0023083623914572984,0.008705649524927,0.015781462192534956,True
1029,4,0.0,0.1281772628426546,0.0068714061832772875,0.023868605494499984,0.04625731706619307,True
1034,4,0.5833333333333334,0.3848165112237132,0.010374100785391527,0.03863003849983199,0.03005701303482,True
1142,4,0.3333333333333333,0.31995984539389566,0.01597722183333444,0.05251148343086198,0.056976079940795066,True
1157,4,0.16666666666666666,0.3261446257432298,0.01708817508312583,0.05576869845390303,0.03768259286880504,True
1159,4,0.0,0.20675948696831806,0.009478351163194159,0.031499594449997004,0.05945140123367304,True
1166,4,0.0,0.1068113427609201,0.004933404340643033,0.015351556241511993,0.021316826343537043,True
1249,4,0.0,0.07318319007754284,0.0048214389688330285,0.019084215164184,0.04688835144042991,True
1250,4,0.0,0.08906280777106634,0.01137507714708946,0.039740696549416005,0.07248908281326294,True
1279,4,0.0,0.22171302263935358,0.014887817785843114,0.047024860978126,0.08210930228233299,True
1328,4,0.0,0.1728949584066863,0.008646095348817068,0.028084501624107,0.07195028662681502,True
1444,4,0.0,0.10304767172783563,0.003966941056618296,0.016011267900467002,0.030135810375212957,True
1496,4,0.0,0.03859996135967429,0.005219736640682563,0.017205446958542,0.04616850614547696,True
1519,4,1.0,0.4989348836243148,0.011748282881407087,0.039697676897049006,0.039697676897049006,True
1564,4,0.0,0.07156746694818088,0.012152495458347588,0.03226482123136601,0.055215179920196866,True
1576,4,0.0,0.030257218750193337,0.00656889723749337,0.020144598558545,0.047301113605499046,True
1605,4,0.0,0.006875555651882751,0.0009331661751818346,0.002854741644115,0.008790373802184948,True
1618,4,0.0,0.20151990341643447,0.01716494218250003,0.05542242527008098,0.057445287704467995,True
1621,4,0.0,0.03858204403271213,0.0034295950257033046,0.011698801070451001,0.02041703462600697,True
1642,4,0.0,0.008452751712562752,0.001073878342195021,0.003689338918775,0.011998593807220015,True
1660,4,0.0,0.04795484989881471,0.007492129254520289,0.021633569151163004,0.10875570774078391,True
1677,4,1.0,0.6160055423776304,0.005498250201235582,0.017331063747406006,0.017331063747406006,True
1702,3,0.5,0.2885530504087603,0.012172741235480395,0.040275841951371016,0.027330905199051014,True
1780,4,0.0,0.1811851927389696,0.01092932389864545,0.03017237782478302,0.049912840127945,True
1802,4,0.0,0.1500543076544995,0.009542758574381666,0.03266666829586001,0.01897335052490201,True
1811,4,0.0,0.024599808423468917,0.002828873806249144,0.008925825357436998,0.022564530372618963,True
1868,4,1.0,0.7487747098008789,0.029428576394494862,0.10034674406051602,0.10034674406051602,True
1966,3,0.5,0.3077218631903326,0.017788508790627124,0.04728949069976801,0.041073024272919034,True
2071,4,0.25,0.3013821666439371,0.012449212923277346,0.04610860347747797,0.057992458343506026,True
2086,4,0.0,0.016269066720269124,0.0021610488384266146,0.007495595142245003,0.015591800212859996,True
2156,4,0.0,0.006402521821048834,0.0009068305991693111,0.0027983617037529995,0.004959046840667947,True
2161,4,0.0,0.2617884663244084,0.011344729503263897,0.03415821492672,0.03297668695449801,True
2254,4,0.0,0.268322917943199,0.028117238677033533,0.09401254355907401,0.096951603889465,True
2298,4,0.0,0.16834331179658527,0.009426889664362227,0.032160758972167997,0.04044431447982799,True
2315,4,0.0,0.04654593175897955,0.003959490628751427,0.012973964214325,0.039547920227051,True
2404,4,0.0,0.017258775847342502,0.0010283989231352573,0.0036619249731300006,0.006815373897552934,True
2559,4,0.0,0.05552236083894921,0.004033259739666642,0.013362005352974007,0.02746480703353904,True
2565,4,0.0,0.013109701724412002,0.0022004663117315216,0.006749345920979999,0.019213020801543967,True
2581,4,0.0,0.05065425935511742,0.006718251576411411,0.022756733000278,0.07533562183380094,True
2631,4,0.0,0.2141440932949378,0.024401197220160622,0.07656949758529599,0.08447581529617298,True
2739,4,0.0,0.01831821053444042,0.0017542068594140763,0.006081748753786002,0.009471774101256991,True
2753,4,0.0,0.2642920650541778,0.020051467163490714,0.06706176698207897,0.08990034461021401,True
2792,3,0.20833333333333334,0.254864641775687,0.015196221130574419,0.044009655714035034,0.029878169298171997,True
2862,4,0.8333333333333334,0.289695976922909,0.013898318972721613,0.049619913101196955,0.043567240238189975,True
2913,4,0.0,0.29596989974379495,0.020082341020929807,0.06530338525772106,0.07010924816131597,True
2975,4,0.0,0.03853527720396667,0.002793569421217012,0.009314030408859003,0.01813828945159901,True
3064,4,0.0,0.1839957125484937,0.007064999982782054,0.02409656345844302,0.044528514146804976,True
3075,4,0.0,0.014981727697886001,0.0010664690114201372,0.0033064242452380006,0.011139333248138983,True
3082,4,0.0,0.04172535489002809,0.003524292676272982,0.011740028858185002,0.022723615169525035,True
3137,4,0.0,0.19130181583265415,0.012890006833680962,0.040044069290160994,0.04581627249717801,True
3145,4,0.0,0.14461186900734851,0.011310873180636347,0.031331121921539,0.03663387894630399,True
3158,4,0.0,0.19793118226031414,0.007116691904707704,0.0233563631773,0.014630466699599998,True
3162,4,0.0,0.13308915433784269,0.016358315170716876,0.053292252123356004,0.07373958826065108,True
3165,4,0.0,0.39828842257459923,0.02841000497229977,0.083089739084244,0.08478438854217607,True
3265,4,0.0,0.2957939865688478,0.007830999851982856,0.027134478092192993,0.03116032481193498,True
3266,4,0.0,0.008955817708434627,0.0008720965509680535,0.0031192316673700005,0.011970281600952037,True
3285,4,0.75,0.2920559768875435,0.023578961837793434,0.066915392875671,0.06542831659317,True
3288,4,0.0,0.04430674249306271,0.0021335155420798826,0.007147841155529001,0.014180481433868075,True
3323,4,0.0,0.025611527419338087,0.002230388281589439,0.006957106292248001,0.01891332864761297,True
3331,4,0.0,0.21000000399847785,0.026296808070408604,0.07825915515422899,0.06987631320953397,True
3430,4,0.0,0.0038714522379445417,0.0006742141028688924,0.0021618017926810004,0.00552141666412298,True
3435,4,0.0,0.025072912840793004,0.0037504327234722627,0.012811318039894003,0.014896810054778942,True
3495,4,0.0,0.04369081649929233,0.00811696223216328,0.023219481110572003,0.030375957489014005,True
3591,3,0.5,0.28280454128980587,0.01805272144551642,0.057748168706893976,0.033616483211517,True
3625,4,0.0,0.16485246953864838,0.014401327966887568,0.046142920851708014,0.04870879650116,True
3630,4,0.0,0.0386543132675185,0.006792824275023987,0.021415552124381003,0.03349930047988903,True
3663,4,0.0,0.03770523572651004,0.009220293772378868,0.031919006258250004,0.07124578952789307,True
3734,4,0.0,0.392184281100829,0.04084211332224029,0.10695549845695501,0.11041343212127702,True
3765,4,0.0,0.005120538795987292,0.0006573477799845015,0.0020870575681330005,0.05335783958434992,True
3871,4,0.0,0.033055830514058006,0.005067583111949712,0.017987372353673002,0.032065510749817006,True
3926,4,0.0,0.034206510909522,0.009874943103014306,0.030250836163759006,0.09232330322265703,True
4011,4,0.0,0.22411076041559322,0.019773858472394386,0.060745880007744,0.08882194757461492,True
4035,4,0.0,0.016797195343921083,0.003448855234198235,0.01047701202333,0.04124641418456998,True
4077,4,0.0,0.05133433981488097,0.007910560995743809,0.025878190994263,0.05280232429504306,True
4093,4,0.0,0.006590514540827084,0.0017306749455794992,0.005578670650721,0.013108849525450994,True
4130,4,0.0,0.013001957481416,0.002173234782822041,0.006987106986343999,0.034192442893982045,True
4202,3,0.0,0.15264670302470484,0.020092476680482488,0.06248353421687999,0.08369979262352001,True
4265,4,0.0,0.019002943454930626,0.0016527801617622947,0.005201878026127,0.010155022144318071,True
4353,4,0.0,0.16352560246984119,0.016169684014517963,0.04954476654529599,0.05648964643478399,True
4368,4,0.0,0.2450532627602414,0.010172562414794986,0.02556063234806097,0.03203555941581704,True
4394,3,0.6666666666666666,0.37713716427485106,0.0335342537218639,0.089358180761338,0.04169416427612399,True
4466,4,0.25,0.46176940451065657,0.02801936657803105,0.086486846208572,0.072021424770355,True
4477,4,0.0,0.042695920138308883,0.0036415257186162794,0.013058528304099995,0.01907396316528298,True
4480,4,0.0,0.11836488389720475,0.007225502575921203,0.027028150856495,0.026512920856476052,True
4500,4,0.0,0.014911653085921793,0.001678605840770541,0.005829225294292001,0.010765075683594083,True
4542,4,0.0,0.17478303797543002,0.007655249383651404,0.025555968284607017,0.03241187334060702,True
4551,4,0.0,0.20066654868423894,0.008379150431531644,0.030943557620049023,0.04691886901855502,True
4605,4,0.0,0.054669174986580464,0.003095105406863173,0.011883582919836003,0.13424763083457908,True
4635,4,0.0,0.005368560125740292,0.0006878990901947912,0.0019629872404040008,0.005331456661225031,True
4741,4,0.0,0.05806565036376259,0.006179309219541903,0.016773182898759995,0.03174281120300293,True
4815,4,0.0,0.10573504430552272,0.00656179573519303,0.021053254604340002,0.026905059814453014,True
4819,4,0.0,0.009140005800872543,0.000732143049947786,0.0023056818172339996,0.006938219070434015,True
4867,4,0.0,0.0165179110675425,0.00262594466960589,0.007412570528686,0.027298748493195024,True
4869,4,0.0,0.06221961043775034,0.0037187693485109846,0.012838296592235995,0.008870184421538974,True
4909,4,0.0,0.0066284099593753336,0.0005586412524906326,0.001846146304161,0.034237921237945,True
4927,4,0.0,0.07118965002397659,0.004688809214260974,0.013935953378678007,0.015100538730621005,True
4994,4,0.0,0.16922375125189562,0.011121413108094773,0.033107250928879006,0.03358966112136902,True
5041,4,0.0,0.032220379294206125,0.004819006662122948,0.014873502776026,0.03781729936599698,True
5045,4,0.0,0.026821206711853045,0.0025131854482397646,0.0077906586229810025,0.01912313699722301,True
5060,3,0.0,0.16548741484681714,0.009907984213573884,0.032467201352119,0.04903185367584201,True
5086,4,0.0,0.09166212317844184,0.013440257003417985,0.037702493369578996,0.067213594913483,True
5160,4,0.0,0.07900396517167438,0.010189299940149485,0.031064026057720004,0.24491721391677795,True
5176,4,0.0,0.10856825020164214,0.022615911070341378,0.06490154564380698,0.061868548393249956,True
5215,4,0.0,0.09959083391974329,0.009359935473000229,0.026474565267563005,0.06668341159820601,True
5223,4,1.0,0.4180829363564647,0.02550817568560344,0.07795658707618702,0.07795658707618702,True
5234,4,0.0,0.06693055589372864,0.01147640666864959,0.034785605967045004,0.039836168289185014,True
5297,4,0.0,0.020463129039853253,0.003262211309669311,0.009955335408449003,0.028612792491912953,True
5360,4,0.0,0.01728098272966788,0.001133143484530115,0.003740981221199001,0.00710427761077892,True
5363,4,0.0,0.021740094060077708,0.0023092577699499617,0.008046722039580002,0.03462111949920599,True
5383,4,0.0,0.0506281028501685,0.004672875548137369,0.015701554715633004,0.028681576251983976,True
5402,4,0.08333333333333333,0.38036173830429654,0.029112742574867245,0.090129345655441,0.07639551162719804,True
5464,4,0.0,0.32872613891959146,0.008089127822282166,0.023745894432068038,0.04893463850021401,True
5515,4,0.0,0.06380555282036414,0.006435312366261581,0.020067416131496,0.03591459989547696,True
5540,4,1.0,0.47281427433093354,0.03699621456694197,0.11847972869873097,0.11847972869873097,True
5541,4,0.0,0.14777775170902369,0.012078960973160632,0.037538081407547,0.05487942695617598,True
5542,4,0.0,0.041378268661597876,0.004170283405325212,0.011879384517670004,0.03363054990768399,True
5550,4,0.0,0.15654501070578847,0.008922189613036584,0.03631979227066101,0.060515522956848034,True
5562,4,0.0,0.012143861036747167,0.0007061364136333507,0.002627890557051,0.13339334726333596,True
5586,4,0.0,0.24925342512627402,0.017941563286730793,0.05996829271316498,0.06486332416534402,True
5599,4,0.0,0.012999645240294086,0.0011180207942715807,0.003764554858207,0.0052778124809259586,True
5637,4,0.0,0.09028106772651225,0.004579518709213053,0.014901340007781996,0.040310978889465,True
5690,4,0.0,0.25130984125037936,0.013841812032549845,0.043610155582428006,0.05716851353645397,True
5696,4,0.0,0.01242501304174421,0.0009325735674559293,0.002853757701814001,0.0039060115814210095,True
5711,4,0.0,0.017932925373315253,0.003409583755705251,0.010026894509792002,0.016392648220062034,True
5715,4,0.0,0.004533076804363542,0.000603161515271975,0.0022425064817070003,0.045789361000061035,True
5723,4,0.0,0.400114146371682,0.028798884297214538,0.086349457502365,0.090728580951691,True
5804,4,0.0,0.1833138801157471,0.014451576972574142,0.04906514286994901,0.06854158639907904,True
5807,4,0.0,0.017435669510935208,0.002268671538771984,0.006208493374287999,0.014393627643584983,True
5857,4,0.0,0.08951909715930563,0.008826218145469408,0.029583849012852007,0.06168591976165705,True
5911,4,0.0,0.04166697245091163,0.008986387806159164,0.030468448996544006,0.06436127424240101,True
5980,4,0.0,0.012725857823776375,0.0032239433281124686,0.0105154607445,0.025784432888031006,True
6066,4,0.0,0.05330134260778571,0.002263415190606245,0.008327458053827001,0.014976859092711958,True
6081,4,0.0,0.1491575775047139,0.009870456929991658,0.036711275577545,0.049842625856400036,True
6097,4,0.0,0.05567586018393388,0.005876279958402606,0.017545375972986,0.04062014818191506,True
6111,4,0.0,0.06403034133836576,0.004807392791079545,0.015741508454084993,0.034976303577422985,True
6120,4,0.0,0.04482665130247621,0.0027696591544565906,0.00784407928586,0.010989487171172985,True
6165,4,0.0,0.029930930739889044,0.002958830227022908,0.009571779519320003,0.059657692909239946,True
6183,4,0.0,0.03666021573978121,0.0034120037771992726,0.009695092216134002,0.01136589050292891,True
6253,4,0.0,0.037200424742574005,0.006267023856995719,0.022726878523827,0.05523300170898393,True
6323,4,0.0,0.01271299827688621,0.0010426474478051847,0.003192654810846001,0.008177757263184038,True
6336,4,0.0,0.05323093834643521,0.004317749443949111,0.015312563627958999,0.10707813501357999,True
6354,4,0.0,0.026199176364267374,0.0017359264790304905,0.006317909806967004,0.014787018299102006,True
6396,4,0.0,0.05426894857858571,0.0016938930474585934,0.006518866866826997,0.006164848804473988,True
6399,4,1.0,0.4753526349862412,0.03178807581625123,0.09635424613952703,0.09635424613952703,True
6430,4,0.0,0.03202180812756171,0.0017508261280266121,0.006127225235103999,0.012432277202605979,True
6538,4,0.0,0.05145188467577055,0.005768910129950827,0.017673131078481,0.03258109092712402,True
6581,4,0.0,0.0748971157396828,0.006461879095991136,0.02316664904356,0.035269379615782914,True
6582,4,0.0,0.08077154401689725,0.00509298038860653,0.015586078166962003,0.0205358266830441,True
6670,4,0.0,0.06202004803344563,0.008134107198918094,0.024349540472030008,0.026651799678802046,True
6706,4,0.0,0.1768408734351392,0.03252930002365299,0.10506831109523801,0.10601067543029796,True
6746,4,0.0,0.056475233441839134,0.006857126154598782,0.023887809365987007,0.04080659151077304,True
6753,4,0.0,0.033010002458467545,0.0035741390582220405,0.009849440306425001,0.03387027978897106,True
6763,4,0.0,0.013651792542077127,0.00164556116564063,0.006130800582468001,0.017776012420655074,True
6812,4,0.0,0.0381407880534723,0.002708738992986023,0.007765755057334005,0.023143827915191983,True
6877,4,0.0,0.011134523549116543,0.0017365437032400898,0.0051109204068780015,0.012860417366028054,True
6885,4,0.0,0.04798349862297313,0.0025494383672192123,0.008668623864651004,0.009788870811461958,True
6890,4,0.0,0.12679277391483337,0.010156959098137465,0.029693402349949008,0.050392717123032005,True
6912,4,0.0,0.15364483495553288,0.010327282206412774,0.031449779868126,0.04079145193099898,True
6928,4,0.0,0.057859571340182964,0.0028077975129842283,0.008317835628985998,0.016514360904694048,True
6954,4,0.0,0.03478511065865505,0.0018236943679432115,0.006729636341333001,0.023458302021025945,True
6966,4,1.0,0.3770678825676437,0.011201059785732536,0.04324400424957198,0.04324400424957198,True
6996,4,0.0,0.09452667770286359,0.007591562881175639,0.02250870317220699,0.03397330641746599,True
6997,4,0.0,0.00578410709082721,0.0013217059823008275,0.004601281136274001,0.008469641208648016,True
7016,4,0.0,0.05489563445250151,0.00441090204184154,0.014969538897276001,0.019746243953705056,True
7067,4,0.0,0.08277739677578168,0.002500617857577076,0.007729202508927002,0.02517348527908292,True
7101,4,0.0,0.1514065035929277,0.007904953602564914,0.031248927116393987,0.04642924666404702,True
7121,4,0.0,0.017232036916538584,0.0014831652915483194,0.004674345254898,0.009021401405334029,True
7138,4,1.0,0.39754211281736634,0.01837909203878844,0.056973129510880016,0.056973129510880016,True
7170,4,0.0,0.022484295613442295,0.002526386793008107,0.008227175101638,0.052859246730805,True
7204,4,0.0,0.006338109456312667,0.0005665887850336548,0.0018577519804240002,0.008344352245331033,True
7214,4,0.0,0.18955961304406288,0.011629963285569984,0.037202015519142984,0.04122322797775291,True
7232,4,0.0,0.08327663131058159,0.007624892398285677,0.02238520979881299,0.040753185749053955,True
7278,4,0.0,0.18635214182237733,0.0081468379920098,0.02700619399547599,0.05311477184295599,True
7281,4,0.0,0.03133753788036546,0.0032814002288974234,0.012168260291219,0.02571672201156605,True
7291,4,0.0,0.1947654299437994,0.011709284736831778,0.038521483540535,0.04981702566146895,True
7321,4,0.0,0.17333658846716035,0.015794163925208368,0.056070432066917,0.07812568545341497,True
7361,4,0.0,0.060816947836428464,0.0055967157108386895,0.01942108199000301,0.04147833585739191,True
7415,4,0.0,0.2326458816726998,0.024891879576430898,0.05807515978813199,0.05752259492874101,True
7475,4,0.0,0.3375532825787857,0.024060265710082372,0.08650660514831499,0.07147711515426597,True
7485,4,0.0,0.07157130399718842,0.017052381838196743,0.054971348494291,0.078710496425628,True
7497,4,0.0,0.10329356106618988,0.007585801012585725,0.021793380379677,0.050724714994430986,True
7575,4,0.0,0.01471648454510871,0.0029968919660614637,0.00821999181062,0.016884744167327992,True
7589,4,1.0,0.49974890177448544,0.024824138414933496,0.08540058135986306,0.08540058135986306,True
7640,4,0.0,0.22993007612725058,0.01585182068426432,0.04946599900722501,0.05327641963958696,True
7642,4,0.0,0.09167189275224956,0.005443018391713018,0.01789212226867601,0.03323745727539007,True
7653,4,0.75,0.4224189644058541,0.023621403642842157,0.077520072460175,0.057984620332718007,True
7671,4,0.0,0.29199277982115696,0.011230927507429428,0.040001958608627985,0.06382599472999495,True
7695,4,0.0,0.07401330458621137,0.0037844441974567945,0.013198547065258012,0.01439094543456998,True
7752,4,0.0,0.021929413002604713,0.0035433300415321323,0.009560141712427,0.019441366195678045,True
7783,4,0.0,0.046133017477889456,0.004419785144229878,0.014252096414565998,0.017457187175751065,True
7795,4,0.0,0.10482105612754762,0.014245386448693593,0.04236748069524801,0.04600185155868597,True
7857,4,0.0,0.21185232636829168,0.012601585185575229,0.040411487221718,0.043962299823760986,True
7938,4,0.0,0.05314203413824192,0.0066888682002819696,0.02174423262476901,0.029463946819305975,True
7960,4,0.0,0.40102107822895006,0.02218750337475369,0.075106620788574,0.068050056695938,True
7968,4,0.0,0.014821862763103835,0.0011667488687009157,0.003780539147556,0.007437944412232,True
7973,4,0.0,0.025325835837671628,0.00292331310946755,0.009543003514409,0.028454303741454967,True
7982,2,0.0,0.130291029810905,0.020048639738772755,0.052804678678513,0.06693008542060802,True
7996,4,0.0,0.09558235729734055,0.00716706149832843,0.026928775012492995,0.042524874210358,True
7998,4,0.0,0.011897242356401667,0.0021661156541131973,0.006397155113518,0.015511214733123002,True
8015,4,0.0,0.00383630165985425,0.000988926366418464,0.0031577039044350004,0.005490124225616011,True
8086,4,0.0,0.14011627870301355,0.011163668885705778,0.034609749913216,0.08668339252471902,True
8091,4,0.0,0.11554558606197396,0.011980292115296103,0.035696513950824016,0.056784510612488015,True
8097,4,0.0,0.016327840470087587,0.0019764512307221525,0.006580683402717001,0.013224482536316029,True
8152,4,0.0,0.25128272672494206,0.023841402505991573,0.078884467482567,0.08702206611633301,True
8177,4,0.75,0.31575558334588966,0.014291392579888384,0.04841256141662603,0.04156646132469205,True
8276,3,0.0,0.04178651065255159,0.0031114991041436687,0.009186491370202006,0.05966517329216098,True
8332,4,0.0,0.006233528256415876,0.001182331024839385,0.0032163811847560004,0.00888413190841697,True
8364,4,0.0,0.08493203545610072,0.007699951322742376,0.023502945899964003,0.08029633760452304,True
8370,4,0.0,0.21904207269350637,0.008455984707688963,0.029449939727784008,0.03548473119735701,True
8406,4,0.0,0.03692630802591596,0.007315774775740968,0.023662671446800003,0.07500022649765004,True
8407,4,0.0,0.06550084318344741,0.0068802531216465524,0.024451393634081005,0.03091555833816495,True
8461,4,0.0,0.04857980522016642,0.006943495089847575,0.021154213696718,0.06531733274459794,True
8491,4,0.0,0.002347064796291459,0.00018643969611191125,0.0005347472615540002,0.0044556260108949974,True
8511,4,0.0,0.03090315746764292,0.0017937292776251262,0.006962347775697004,0.01015758514404308,True
8602,4,0.0,0.23996820673346475,0.016677515581494252,0.05248843133449502,0.07752710580825806,True
8654,4,0.0,0.16784628294408274,0.01147422329329831,0.03679423034191101,0.06624886393547097,True
8683,4,0.0,0.0024731428808682917,0.00022713916544749298,0.0005950329359620003,0.00165450572967496,True
8736,4,0.0,0.07882153429090925,0.002695497336375208,0.008040949702263003,0.020884692668915017,True
8742,4,0.0,0.15928477669755572,0.007578004021856769,0.02428455650806499,0.05628898739814803,True
8861,3,0.125,0.2359420688201979,0.01940670190049767,0.063253283500671,0.024976849555969016,True
8917,4,0.0,0.07436765792469134,0.0040216028735066914,0.012350194156170002,0.025730431079864058,True
8919,4,0.0,0.14682898856699414,0.010552133551185939,0.032411083579063,0.04839855432510298,True
8940,4,0.0,0.10660675540566406,0.007879212101375512,0.028084337711334006,0.060793876647949,True
8942,4,0.0,0.010838989905702168,0.0012225885153401511,0.0041545415297150005,0.05270153284072898,True
8959,4,0.0,0.19675547381242067,0.007450935347856139,0.020944729447365,0.0278850197792051,True
9092,4,0.0,0.23206850327551318,0.010894131021697815,0.03502908349037201,0.05173796415329002,True
9108,4,0.0,0.02623624680563771,0.003002132974180704,0.010027887299657,0.09604775905609197,True
9111,4,0.0,0.01982769253663667,0.0023795671163859516,0.007713496685028003,0.02045053243637107,True
9133,4,0.0,0.019626155495643168,0.006002139451761092,0.016505998559297,0.04509460926055897,True
9143,4,0.0,0.037656145558381586,0.007816082407383119,0.023809896782040003,0.03103536367416293,True
9228,4,0.0,0.08139326547582905,0.010399158448421307,0.035130769014359006,0.09604400396347101,True
9253,4,0.0,0.10693803057074504,0.004318313701004871,0.015136592090129991,0.02973747253418002,True
9275,4,0.0,0.22896304726600594,0.025252656982828834,0.08095301687717399,0.09911304712295499,True
9287,4,0.0,0.2922293506562706,0.03420858533550808,0.10628071427345301,0.12521022558212302,True
9290,4,0.0,0.007824909892708834,0.0007415633329121683,0.0025824280455709996,0.0038583874702460275,True
9301,4,0.0,0.08901667036116072,0.010821756830839325,0.035864025354386014,0.07047408819198597,True
9308,4,0.0,0.016607709811068586,0.0015314757776556155,0.004686302505433001,0.00965791940689098,True
9375,4,0.0,0.011568714360085044,0.0008122796619698684,0.0029629804193970002,0.006876945495605913,True
9386,4,0.0,0.18555652412275417,0.040898567213973336,0.13272691518068302,0.19342452287674006,True
9413,4,0.0,0.10328507858018025,0.01441462350236479,0.03976795822381901,0.058950483798979936,True
9415,4,0.0,0.028097828384488335,0.005636813101839585,0.018150229007006,0.019353091716767024,True
9417,4,0.0,0.145727319642901,0.015471199568750104,0.05031674355268401,0.07548034191131603,True
9424,4,0.25,0.33034250264366427,0.01237937267691744,0.048023194074631015,0.05954140424728399,True
9438,4,0.0,0.25595727687080655,0.012462924370227302,0.04103688895702298,0.06772136688232411,True
9446,4,0.0,0.018606795735346418,0.002113757684314886,0.007020668126643001,0.013050615787505992,True
9462,4,0.0,0.04159119321654188,0.0035298484138774565,0.012438539415598006,0.029787838459015004,True
9507,4,0.0,0.014712499027760876,0.0010898011413579438,0.003614579327405002,0.009329617023468018,True
9518,4,1.0,0.515708512316147,0.012138364970845597,0.04283350706100397,0.04283350706100397,True
9574,4,0.08333333333333333,0.23577423269549955,0.042118884530350474,0.14140160381793998,0.17020344734191906,True
9606,4,0.0,0.059157267988969336,0.005834074964924292,0.017602831125260003,0.03665179014205899,True
9668,4,0.0,0.1028970132271443,0.013836354100511889,0.041469529271125,0.10706865787506104,True
9672,4,0.0,0.05982701744263325,0.005368385601486562,0.01872768253088001,0.021087586879730003,True
9710,4,0.0,0.10509889914343705,0.006975724397150472,0.023010067641734994,0.036299645900725985,True
9721,4,0.0,0.016092884936369335,0.0010273298512327173,0.003332599997521002,0.006052851676941029,True
9738,4,0.0,0.031071566045283754,0.0035299614447295777,0.011517588049174,0.021967947483063077,True
9758,4,0.0,0.023577292449771876,0.002928032469639349,0.009681819006801002,0.023387908935546986,True
9768,4,0.0,0.12803186196833802,0.008198338802345747,0.02732180058956099,0.04878407716751104,True
9838,4,0.0,0.046322332384685166,0.007674994151049175,0.024419900029897003,0.05630820989608809,True
9865,4,0.0,0.029484524391591046,0.002129923610784175,0.006509870290756,0.043547689914703036,True
9869,4,0.0,0.04988277967398321,0.0037893497342210594,0.012822732329369008,0.01639449596405007,True
9872,4,0.0,0.011069571211312667,0.0016861590541913025,0.005337596870958999,0.015360891818999911,True
9879,4,0.0,0.02228059421759042,0.00438510580521229,0.012387625873089,0.02795761823654208,True
9959,4,0.0,0.06101594415182817,0.0062759679747849345,0.023669704794884,0.03593534231185891,True
10023,4,0.0,0.007615499295449001,0.001582895659469987,0.004707346204668001,0.01923918724060103,True
10068,4,0.0,0.030718412793551336,0.003916153860829865,0.01254802569747,0.03539282083511308,True
10075,4,0.0,0.3740204287072018,0.032756392389294925,0.100707948207855,0.104988813400269,True
10117,4,0.0,0.07049363479018167,0.0038759031929657853,0.014048293232917994,0.02629381418228105,True
10153,4,0.0,0.008540944526126667,0.0013386948525670492,0.004414933733642001,0.009988844394683949,True
10212,4,0.0,0.17092779651284176,0.008227207168285225,0.025885060429572976,0.010302811861037986,True
10224,4,0.0,0.23671643435954995,0.016712540844999995,0.054861187934876016,0.05994188785553001,True
10242,4,0.0,0.011192482197656667,0.0012958103632812346,0.004541598260401999,0.007270514965058039,True
10244,4,1.0,0.6665540983279542,0.015206030240558235,0.044856667518614946,0.044856667518614946,True
10268,4,1.0,0.5814909487962718,0.013986879807989993,0.04433041810989402,0.04433041810989402,True
10340,4,0.0,0.026624268774563586,0.003531302423247747,0.011632500216365003,0.028040707111357976,True
10343,4,0.0,0.06223914741227988,0.01035339155176191,0.030087891966105,0.03670740127563499,True
10345,3,0.25,0.2525111989428595,0.015364451856834925,0.046974927186966,0.028456717729567982,True
