family,hist_sig,n,accuracy,LAR,p_gold
D-hard,0,824,0.06310679611650485,0.8507281553398058,0.12361908224274219
D-hard,1,64,0.0625,0.90625,0.11214591590942238
D-lit,0,824,0.06796116504854369,0.883495145631068,0.12873159356141703
D-lit,1,64,0.046875,0.90625,0.11153179512621084
D-rand,0,824,0.4842233009708738,0.0,0.3664578919647058
D-rand,1,64,0.484375,0.0,0.3711000982439141
D-sem,0,824,0.4429611650485437,0.0,0.34427789029059436
D-sem,1,64,0.484375,0.0,0.3491824339143928
D-surf,0,824,0.4053398058252427,0.0,0.3219977455661239
D-surf,1,64,0.5,0.0,0.3430695651331912
