family,frequency,n,accuracy,LAR,p_gold
D-hard,common,6200,0.1414516129032258,0.6343548387096775,0.19273575806451615
D-hard,rare,1507,0.15925680159256803,0.6151293961512939,0.1979417385534174
D-hard,very common,1146,0.14048865619546247,0.6291448516579407,0.1920692844677138
D-hard,very rare,23,0.08695652173913043,0.6521739130434783,0.20603478260869568
D-lit,common,6200,0.15048387096774193,0.6458064516129032,0.19586756451612905
D-lit,rare,1507,0.17252820172528202,0.6151293961512939,0.19986808228268085
D-lit,very common,1146,0.12390924956369982,0.6710296684118674,0.18571989528795813
D-lit,very rare,23,0.17391304347826086,0.5652173913043478,0.21506956521739132
D-rand,common,6200,0.3598387096774194,0.0,0.29915708064516133
D-rand,rare,1507,0.36960849369608495,0.0,0.29955892501658926
D-rand,very common,1146,0.4013961605584642,0.0,0.3117516579406632
D-rand,very rare,23,0.4782608695652174,0.0,0.37424782608695656
D-sem,common,6200,0.3335483870967742,0.0,0.2843211129032258
D-sem,rare,1507,0.3278035832780358,0.0,0.2887790311877903
D-sem,very common,1146,0.337696335078534,0.0,0.2871462478184992
D-sem,very rare,23,0.2608695652173913,0.0,0.316004347826087
D-surf,common,6200,0.32887096774193547,0.0,0.2860245483870968
D-surf,rare,1507,0.3609820836098208,0.0,0.2957956204379562
D-surf,very common,1146,0.3568935427574171,0.0,0.2926284467713787
D-surf,very rare,23,0.21739130434782608,0.0,0.28429565217391306
