family,gold_pos,n,accuracy,LAR,p_gold
D-hard,0,2218,0.0739404869251578,0.6677186654643823,0.16027195671776376
D-hard,1,2249,0.21609604268563806,0.5815918185860383,0.2211961316140507
D-hard,2,2204,0.14382940108892922,0.6116152450090744,0.19326125226860255
D-hard,3,2205,0.1419501133786848,0.6616780045351474,0.19918775510204081
D-lit,0,2187,0.07270233196159122,0.6735253772290809,0.1612522633744856
D-lit,1,2246,0.2315227070347284,0.5872662511130899,0.2241158949243099
D-lit,2,2237,0.14573088958426464,0.6271792579347341,0.19150125167635226
D-lit,3,2206,0.1514052583862194,0.6881233000906618,0.20351332728921123
D-rand,0,2287,0.2225623087013555,0.0,0.24102553563620466
D-rand,1,2201,0.5293048614266243,0.0,0.36503611994547935
D-rand,2,2187,0.4156378600823045,0.0,0.3241887974394147
D-rand,3,2201,0.3071331213084961,0.0,0.27642594275329396
D-sem,0,2250,0.18666666666666668,0.0,0.2309097777777778
D-sem,1,2287,0.5277656318320945,0.0,0.354537166593791
D-sem,2,2179,0.3441945846718678,0.0,0.29766498393758606
D-sem,3,2160,0.2675925925925926,0.0,0.25709865740740745
D-surf,0,2196,0.20264116575591987,0.0,0.23297468123861567
D-surf,1,2315,0.506695464362851,0.0,0.35303935205183584
D-surf,2,2187,0.3735711019661637,0.0,0.3067166895290352
D-surf,3,2178,0.2580348943985308,0.0,0.25772235996326903
