family,n_words,n,accuracy,LAR,p_gold
D-hard,1,3752,0.14285714285714285,0.6255330490405118,0.1890097814498934
D-hard,2,3333,0.1323132313231323,0.6714671467146714,0.18772217221722173
D-hard,3,1143,0.15835520559930008,0.5940507436570429,0.21045966754155732
D-hard,4,501,0.18163672654690619,0.5349301397205589,0.21565808383233534
D-hard,5,93,0.16129032258064516,0.43010752688172044,0.2189494623655914
D-hard,6,38,0.3157894736842105,0.47368421052631576,0.27723684210526317
D-hard,7,11,0.09090909090909091,0.5454545454545454,0.2
D-hard,8,3,0.3333333333333333,0.0,0.22446666666666668
D-hard,9,1,1.0,0.0,0.5209
D-hard,10,1,1.0,0.0,0.37570000000000003
D-lit,1,3752,0.1455223880597015,0.6351279317697228,0.1869369669509595
D-lit,2,3333,0.14341434143414342,0.6837683768376838,0.1935003900390039
D-lit,3,1143,0.17760279965004375,0.594925634295713,0.21766001749781277
D-lit,4,501,0.16167664670658682,0.5788423153692615,0.21252594810379244
D-lit,5,93,0.1935483870967742,0.6021505376344086,0.2085225806451613
D-lit,6,38,0.2894736842105263,0.47368421052631576,0.24580526315789475
D-lit,7,11,0.18181818181818182,0.5454545454545454,0.2037727272727273
D-lit,8,3,0.0,0.3333333333333333,0.1968
D-lit,9,1,0.0,0.0,0.0154
D-lit,10,1,0.0,0.0,0.196
D-rand,1,3752,0.36380597014925375,0.0,0.3013618603411514
D-rand,2,3333,0.37923792379237925,0.0,0.3056890789078908
D-rand,3,1143,0.37270341207349084,0.0,0.29438398950131234
D-rand,4,501,0.3273453093812375,0.0,0.28875668662674653
D-rand,5,93,0.3010752688172043,0.0,0.29235913978494626
D-rand,6,38,0.18421052631578946,0.0,0.24951315789473685
D-rand,7,11,0.2727272727272727,0.0,0.28044545454545455
D-rand,8,3,0.6666666666666666,0.0,0.38833333333333336
D-rand,9,1,0.0,0.0,0.1517
D-rand,10,1,0.0,0.0,0.2924
D-sem,1,3752,0.32489339019189767,0.0,0.2847936300639659
D-sem,2,3333,0.34413441344134416,0.0,0.2892791479147915
D-sem,3,1143,0.3447069116360455,0.0,0.2887424321959755
D-sem,4,501,0.313373253493014,0.0,0.2654087824351297
D-sem,5,93,0.22580645161290322,0.0,0.25628387096774197
D-sem,6,38,0.39473684210526316,0.0,0.2982421052631579
D-sem,7,11,0.09090909090909091,0.0,0.19216363636363634
D-sem,8,3,0.3333333333333333,0.0,0.3137666666666667
D-sem,9,1,0.0,0.0,0.1623
D-sem,10,1,0.0,0.0,0.21810000000000002
D-surf,1,3752,0.35767590618336886,0.0,0.3002194296375267
D-surf,2,3333,0.33303330333033304,0.0,0.28334932493249326
D-surf,3,1143,0.3079615048118985,0.0,0.27557559055118114
D-surf,4,501,0.3033932135728543,0.0,0.2741566866267465
D-surf,5,93,0.27956989247311825,0.0,0.2618978494623656
D-surf,6,38,0.21052631578947367,0.0,0.2261842105263158
D-surf,7,11,0.45454545454545453,0.0,0.3178727272727273
D-surf,8,3,0.3333333333333333,0.0,0.25753333333333334
D-surf,9,1,0.0,0.0,0.2369
D-surf,10,1,1.0,0.0,0.3876
