family,relig_sig,n,accuracy,LAR,p_gold
D-hard,0,7708,0.14348728593668916,0.6281785158277114,0.1930843279709393
D-hard,1,1168,0.14897260273972604,0.6455479452054794,0.1967603595890411
D-lit,0,7708,0.14789828749351322,0.6445251686559419,0.19363408147379346
D-lit,1,1168,0.1703767123287671,0.6378424657534246,0.2061902397260274
D-rand,0,7708,0.36286974571873376,0.0,0.29927279449922156
D-rand,1,1168,0.3955479452054795,0.0,0.31274794520547944
D-sem,0,7708,0.3325116761805916,0.0,0.28468585884795017
D-sem,1,1168,0.3356164383561644,0.0,0.29106164383561645
D-surf,0,7708,0.33575505967825636,0.0,0.28808969901401144
D-surf,1,1168,0.3501712328767123,0.0,0.2914484589041096
