family,scape,n,accuracy,LAR,p_gold
D-hard,city,300,0.13333333333333333,0.61,0.19866166666666668
D-hard,country,7653,0.1420358029530903,0.6339997386645759,0.19239368874951002
D-hard,deep rural,923,0.1657638136511376,0.6078006500541712,0.20164972914409535
D-lit,city,300,0.17,0.59,0.198845
D-lit,country,7653,0.1489611916895335,0.6485038546975043,0.19384816411864628
D-lit,deep rural,923,0.16034669555796316,0.6208017334777898,0.20605438786565547
D-rand,city,300,0.31,0.0,0.28878933333333334
D-rand,country,7653,0.3744936626159676,0.0,0.30293933098131454
D-rand,deep rural,923,0.3250270855904659,0.0,0.2893313109425785
D-sem,city,300,0.30666666666666664,0.0,0.295594
D-sem,country,7653,0.33751470011760093,0.0,0.28592843329413303
D-sem,deep rural,923,0.30335861321776814,0.0,0.2789058504875407
D-surf,city,300,0.30333333333333334,0.0,0.28205166666666664
D-surf,country,7653,0.3418267346138769,0.0,0.29023639095779435
D-surf,deep rural,923,0.314192849404117,0.0,0.2765033586132178
