family,signal,bin_lo,bin_hi,n,mean_conf,accuracy
D-hard,max_prob,0.0,0.1,0,,
D-hard,max_prob,0.1,0.2,0,,
D-hard,max_prob,0.2,0.30000000000000004,16,0.28869730420410583,0.25
D-hard,max_prob,0.30000000000000004,0.4,90,0.35105888479285724,0.23333333333333334
D-hard,max_prob,0.4,0.5,75,0.4483626651763911,0.2
D-hard,max_prob,0.5,0.6000000000000001,64,0.5468156533315773,0.125
D-hard,max_prob,0.6000000000000001,0.7000000000000001,77,0.655609987772904,0.06493506493506493
D-hard,max_prob,0.7000000000000001,0.8,108,0.7482871137283463,0.018518518518518517
D-hard,max_prob,0.8,0.9,186,0.8566797478224638,0.005376344086021506
D-hard,max_prob,0.9,1.0,272,0.9476575393448854,0.0
D-hard,conf_head,0.0,0.1,0,,
D-hard,conf_head,0.1,0.2,58,0.1736424531916087,0.2413793103448276
D-hard,conf_head,0.2,0.30000000000000004,115,0.25080086005770597,0.21739130434782608
D-hard,conf_head,0.30000000000000004,0.4,58,0.34302523269735496,0.1206896551724138
D-hard,conf_head,0.4,0.5,75,0.4493296166261033,0.04
D-hard,conf_head,0.5,0.6000000000000001,98,0.5547098845851661,0.05102040816326531
D-hard,conf_head,0.6000000000000001,0.7000000000000001,121,0.6552606027973582,0.008264462809917356
D-hard,conf_head,0.7000000000000001,0.8,181,0.7529701356729747,0.0055248618784530384
D-hard,conf_head,0.8,0.9,165,0.842865806637388,0.0
D-hard,conf_head,0.9,1.0,17,0.9170146268956799,0.0
D-lit,max_prob,0.0,0.1,0,,
D-lit,max_prob,0.1,0.2,0,,
D-lit,max_prob,0.2,0.30000000000000004,11,0.28719995238564194,0.18181818181818182
D-lit,max_prob,0.30000000000000004,0.4,84,0.3528105804607977,0.25
D-lit,max_prob,0.4,0.5,80,0.45040351338684514,0.2625
D-lit,max_prob,0.5,0.6000000000000001,56,0.5478796118072098,0.14285714285714285
D-lit,max_prob,0.6000000000000001,0.7000000000000001,79,0.6515653774708129,0.0379746835443038
D-lit,max_prob,0.7000000000000001,0.8,110,0.7543388312513175,0.02727272727272727
D-lit,max_prob,0.8,0.9,180,0.8588656475146609,0.005555555555555556
D-lit,max_prob,0.9,1.0,288,0.9489738262361946,0.0
D-lit,conf_head,0.0,0.1,0,,
D-lit,conf_head,0.1,0.2,58,0.17813148349523503,0.2413793103448276
D-lit,conf_head,0.2,0.30000000000000004,108,0.24823889702006577,0.2222222222222222
D-lit,conf_head,0.30000000000000004,0.4,59,0.34706531389284906,0.15254237288135594
D-lit,conf_head,0.4,0.5,79,0.4476606544060039,0.10126582278481013
D-lit,conf_head,0.5,0.6000000000000001,91,0.5516046180829892,0.03296703296703297
D-lit,conf_head,0.6000000000000001,0.7000000000000001,121,0.6578525935322783,0.008264462809917356
D-lit,conf_head,0.7000000000000001,0.8,186,0.7513639737841901,0.0
D-lit,conf_head,0.8,0.9,167,0.8407530880973721,0.0
D-lit,conf_head,0.9,1.0,19,0.9149373863872725,0.0
D-rand,max_prob,0.0,0.1,0,,
D-rand,max_prob,0.1,0.2,0,,
D-rand,max_prob,0.2,0.30000000000000004,67,0.28462843841581154,0.26865671641791045
D-rand,max_prob,0.30000000000000004,0.4,393,0.34550616789713423,0.3155216284987277
D-rand,max_prob,0.4,0.5,200,0.442596329003572,0.46
D-rand,max_prob,0.5,0.6000000000000001,82,0.550232614685849,0.7804878048780488
D-rand,max_prob,0.6000000000000001,0.7000000000000001,58,0.6419951155267908,0.7758620689655172
D-rand,max_prob,0.7000000000000001,0.8,50,0.751877882480621,1.0
D-rand,max_prob,0.8,0.9,26,0.8490139658634477,0.9615384615384616
D-rand,max_prob,0.9,1.0,12,0.9327935278415679,1.0
D-rand,conf_head,0.0,0.1,0,,
D-rand,conf_head,0.1,0.2,212,0.176903876282696,0.3018867924528302
D-rand,conf_head,0.2,0.30000000000000004,386,0.24574011807460197,0.36528497409326427
D-rand,conf_head,0.30000000000000004,0.4,133,0.34191588418824287,0.631578947368421
D-rand,conf_head,0.4,0.5,69,0.44558499256769774,0.8405797101449275
D-rand,conf_head,0.5,0.6000000000000001,38,0.545692272876438,0.8947368421052632
D-rand,conf_head,0.6000000000000001,0.7000000000000001,27,0.650160052158214,0.9629629629629629
D-rand,conf_head,0.7000000000000001,0.8,20,0.7384392738342282,1.0
D-rand,conf_head,0.8,0.9,3,0.8420881430308024,1.0
D-rand,conf_head,0.9,1.0,0,,
D-sem,max_prob,0.0,0.1,0,,
D-sem,max_prob,0.1,0.2,0,,
D-sem,max_prob,0.2,0.30000000000000004,81,0.2869128687882125,0.2716049382716049
D-sem,max_prob,0.30000000000000004,0.4,398,0.34852252720887894,0.3165829145728643
D-sem,max_prob,0.4,0.5,188,0.4422547103876759,0.4787234042553192
D-sem,max_prob,0.5,0.6000000000000001,86,0.5505251995352808,0.6162790697674418
D-sem,max_prob,0.6000000000000001,0.7000000000000001,52,0.6445220995407834,0.7307692307692307
D-sem,max_prob,0.7000000000000001,0.8,41,0.756664329912604,0.8292682926829268
D-sem,max_prob,0.8,0.9,28,0.8454622541155131,0.8214285714285714
D-sem,max_prob,0.9,1.0,14,0.9355038702487944,0.7142857142857143
D-sem,conf_head,0.0,0.1,0,,
D-sem,conf_head,0.1,0.2,203,0.1755110748809542,0.2955665024630542
D-sem,conf_head,0.2,0.30000000000000004,395,0.2420099729224092,0.36455696202531646
D-sem,conf_head,0.30000000000000004,0.4,143,0.3436704482231936,0.5664335664335665
D-sem,conf_head,0.4,0.5,54,0.4448938137955132,0.6851851851851852
D-sem,conf_head,0.5,0.6000000000000001,37,0.5446030368676053,0.8108108108108109
D-sem,conf_head,0.6000000000000001,0.7000000000000001,30,0.6433225890000658,0.8
D-sem,conf_head,0.7000000000000001,0.8,19,0.7467519044876095,0.8421052631578947
D-sem,conf_head,0.8,0.9,7,0.8500336834362573,0.5714285714285714
D-sem,conf_head,0.9,1.0,0,,
D-surf,max_prob,0.0,0.1,0,,
D-surf,max_prob,0.1,0.2,0,,
D-surf,max_prob,0.2,0.30000000000000004,76,0.28634608458531485,0.2894736842105263
D-surf,max_prob,0.30000000000000004,0.4,355,0.3486160064247288,0.3464788732394366
D-surf,max_prob,0.4,0.5,201,0.4429920456599236,0.40298507462686567
D-surf,max_prob,0.5,0.6000000000000001,90,0.53918821811676,0.4666666666666667
D-surf,max_prob,0.6000000000000001,0.7000000000000001,68,0.6455822893801854,0.5588235294117647
D-surf,max_prob,0.7000000000000001,0.8,58,0.7451524302877226,0.5517241379310345
D-surf,max_prob,0.8,0.9,31,0.8552004771847876,0.6451612903225806
D-surf,max_prob,0.9,1.0,9,0.9278733597861392,0.8888888888888888
D-surf,conf_head,0.0,0.1,0,,
D-surf,conf_head,0.1,0.2,176,0.1759384784170167,0.30113636363636365
D-surf,conf_head,0.2,0.30000000000000004,379,0.24663897586057512,0.37467018469656993
D-surf,conf_head,0.30000000000000004,0.4,151,0.3446697061819742,0.4370860927152318
D-surf,conf_head,0.4,0.5,74,0.44414713414939627,0.5945945945945946
D-surf,conf_head,0.5,0.6000000000000001,51,0.5518135019377162,0.45098039215686275
D-surf,conf_head,0.6000000000000001,0.7000000000000001,36,0.6470895426140887,0.6111111111111112
D-surf,conf_head,0.7000000000000001,0.8,16,0.7469133213162418,0.6875
D-surf,conf_head,0.8,0.9,5,0.8277960658073422,1.0
D-surf,conf_head,0.9,1.0,0,,
