arm,family,frequency,n,accuracy,acc_lo,acc_hi,LAR,mean_conf
laya-ml,D-hard,common,6200,0.1414516129032258,0.13306451612903225,0.15,0.6343548387096775,0.5326159193548387
laya-ml,D-hard,rare,1507,0.15925680159256803,0.14067684140676842,0.17850033178500332,0.6151293961512939,0.5306308560053085
laya-ml,D-hard,very common,1146,0.14048865619546247,0.12041884816753927,0.16055846422338568,0.6291448516579407,0.5357007853403142
laya-ml,D-hard,very rare,23,0.08695652173913043,0.0,0.21739130434782608,0.6521739130434783,0.5084304347826086
laya-ml,D-lit,common,6200,0.15048387096774193,0.14193145161290321,0.15935887096774193,0.6458064516129032,0.5359645806451614
laya-ml,D-lit,rare,1507,0.17252820172528202,0.15394824153948242,0.192435301924353,0.6151293961512939,0.533272196416722
laya-ml,D-lit,very common,1146,0.12390924956369982,0.10471204188481675,0.14485165794066318,0.6710296684118674,0.5397335078534031
laya-ml,D-lit,very rare,23,0.17391304347826086,0.043478260869565216,0.34782608695652173,0.5652173913043478,0.4919695652173913
laya-ml,D-rand,common,6200,0.3598387096774194,0.34741935483870967,0.3714516129032258,,0.4386683064516129
laya-ml,D-rand,rare,1507,0.36960849369608495,0.34571997345719974,0.39416058394160586,,0.43910006635700066
laya-ml,D-rand,very common,1146,0.4013961605584642,0.37347294938917974,0.43019197207678883,,0.4350393542757417
laya-ml,D-rand,very rare,23,0.4782608695652174,0.2608695652173913,0.6956521739130435,,0.4516652173913042
laya-ml,D-sem,common,6200,0.3335483870967742,0.32193548387096776,0.34516129032258064,,0.4315028870967742
laya-ml,D-sem,rare,1507,0.3278035832780358,0.3039150630391506,0.35102853351028535,,0.43481831453218317
laya-ml,D-sem,very common,1146,0.337696335078534,0.30975130890052355,0.3656195462478185,,0.43014092495637
laya-ml,D-sem,very rare,23,0.2608695652173913,0.08695652173913043,0.43478260869565216,,0.49996521739130434
laya-ml,D-surf,common,6200,0.32887096774193547,0.31693548387096776,0.34080645161290324,,0.43793704838709674
laya-ml,D-surf,rare,1507,0.3609820836098208,0.3364299933642999,0.384870603848706,,0.43666317186463177
laya-ml,D-surf,very common,1146,0.3568935427574171,0.3307155322862129,0.38481675392670156,,0.43351527050610816
laya-ml,D-surf,very rare,23,0.21739130434782608,0.043478260869565216,0.391304347826087,,0.4193652173913043
