arm,family,hist_sig,n,accuracy,acc_lo,acc_hi,LAR,mean_conf
laya-ml,D-hard,0,8360,0.1437799043062201,0.13648325358851673,0.1514354066985646,0.6312200956937799,0.5319325837320574
laya-ml,D-hard,1,516,0.1511627906976744,0.12015503875968993,0.1821705426356589,0.6182170542635659,0.5436627906976743
laya-ml,D-lit,0,8360,0.15,0.14258373205741626,0.15801435406698564,0.6438995215311005,0.5352433732057417
laya-ml,D-lit,1,516,0.16472868217054262,0.13178294573643412,0.19573643410852712,0.6395348837209303,0.546195542635659
laya-ml,D-rand,0,8360,0.3651913875598086,0.35490430622009567,0.37535885167464117,,0.4381327033492823
laya-ml,D-rand,1,516,0.3992248062015504,0.3584786821705427,0.4418604651162791,,0.44112655038759696
laya-ml,D-sem,0,8360,0.3352870813397129,0.3248803827751196,0.345936004784689,,0.4320547488038277
laya-ml,D-sem,1,516,0.29457364341085274,0.25387596899224807,0.3313953488372093,,0.43227151162790695
laya-ml,D-surf,0,8360,0.3369617224880383,0.3270334928229665,0.3471321770334928,,0.43671977272727275
laya-ml,D-surf,1,516,0.3488372093023256,0.31007751937984496,0.39341085271317827,,0.4432901162790697
