arm,family,bin_lo,bin_hi,n,mean_conf,accuracy
laya-ml,D-rand,0.2,0.30000000000000004,422,0.2861402843601896,0.2914691943127962
laya-ml,D-rand,0.30000000000000004,0.4,3752,0.35239432302771856,0.30303837953091683
laya-ml,D-rand,0.4,0.5,2616,0.44405451070336394,0.3577981651376147
laya-ml,D-rand,0.5,0.6000000000000001,1176,0.546022619047619,0.4421768707482993
laya-ml,D-rand,0.6000000000000001,0.7000000000000001,525,0.6431430476190476,0.5371428571428571
laya-ml,D-rand,0.7000000000000001,0.8,224,0.7396513392857142,0.6160714285714286
laya-ml,D-rand,0.8,0.9,114,0.8448061403508771,0.7280701754385965
laya-ml,D-rand,0.9,1.0,47,0.9375936170212765,0.851063829787234
laya-ml,D-surf,0.2,0.30000000000000004,439,0.28667881548974944,0.2847380410022779
laya-ml,D-surf,0.30000000000000004,0.4,3856,0.3515533713692946,0.2946058091286307
laya-ml,D-surf,0.4,0.5,2531,0.44370746740418804,0.3255630185697353
laya-ml,D-surf,0.5,0.6000000000000001,1102,0.5450506352087114,0.3938294010889292
laya-ml,D-surf,0.6000000000000001,0.7000000000000001,546,0.6430697802197802,0.46153846153846156
laya-ml,D-surf,0.7000000000000001,0.8,225,0.7462986666666667,0.5155555555555555
laya-ml,D-surf,0.8,0.9,120,0.8435933333333333,0.5916666666666667
laya-ml,D-surf,0.9,1.0,57,0.953321052631579,0.6842105263157895
laya-ml,D-sem,0.2,0.30000000000000004,454,0.2863592511013216,0.2555066079295154
laya-ml,D-sem,0.30000000000000004,0.4,3915,0.35168492975734356,0.2962962962962963
laya-ml,D-sem,0.4,0.5,2601,0.44381499423298726,0.32602845059592467
laya-ml,D-sem,0.5,0.6000000000000001,1071,0.5432590102707751,0.41363211951447243
laya-ml,D-sem,0.6000000000000001,0.7000000000000001,474,0.6428719409282702,0.41983122362869196
laya-ml,D-sem,0.7000000000000001,0.8,216,0.7437833333333335,0.48148148148148145
laya-ml,D-sem,0.8,0.9,104,0.8444076923076923,0.5865384615384616
laya-ml,D-sem,0.9,1.0,41,0.9460024390243902,0.5853658536585366
laya-ml,D-lit,0.2,0.30000000000000004,234,0.2880833333333333,0.24358974358974358
laya-ml,D-lit,0.30000000000000004,0.4,2391,0.3548654119615223,0.23755750731911335
laya-ml,D-lit,0.4,0.5,2183,0.446716307833257,0.19377004122766833
laya-ml,D-lit,0.5,0.6000000000000001,1354,0.5456572378138848,0.1395864106351551
laya-ml,D-lit,0.6000000000000001,0.7000000000000001,876,0.6460586757990868,0.06506849315068493
laya-ml,D-lit,0.7000000000000001,0.8,662,0.7460993957703926,0.04984894259818731
laya-ml,D-lit,0.8,0.9,535,0.8489295327102804,0.013084112149532711
laya-ml,D-lit,0.9,1.0,641,0.9555892355694228,0.0078003120124804995
laya-ml,D-hard,0.2,0.30000000000000004,272,0.28685330882352944,0.20588235294117646
laya-ml,D-hard,0.30000000000000004,0.4,2430,0.3547325514403292,0.2242798353909465
laya-ml,D-hard,0.4,0.5,2196,0.4455693078324226,0.18533697632058288
laya-ml,D-hard,0.5,0.6000000000000001,1309,0.5462158899923606,0.12146676852559206
laya-ml,D-hard,0.6000000000000001,0.7000000000000001,852,0.6471140845070422,0.09154929577464789
laya-ml,D-hard,0.7000000000000001,0.8,662,0.7515172205438067,0.03474320241691843
laya-ml,D-hard,0.8,0.9,540,0.8488490740740742,0.014814814814814815
laya-ml,D-hard,0.9,1.0,615,0.9540996747967482,0.0065040650406504065
