arm,family,coverage,accuracy,threshold
laya-ml,D-rand,0.05,0.668918918918919,0.6849000000000001
laya-ml,D-rand,0.1,0.5968468468468469,0.6027
laya-ml,D-rand,0.15,0.5574755822689706,0.5588000000000001
laya-ml,D-rand,0.2,0.527887323943662,0.5234
laya-ml,D-rand,0.25,0.5024785939612438,0.4924
laya-ml,D-rand,0.3,0.4859181374389786,0.4703
laya-ml,D-rand,0.35,0.4695848084969424,0.4521
laya-ml,D-rand,0.4,0.4569014084507042,0.4358
laya-ml,D-rand,0.45,0.44366549824737106,0.4209
laya-ml,D-rand,0.5,0.43037404236142407,0.4077
laya-ml,D-rand,0.55,0.42134371159360917,0.3945
laya-ml,D-rand,0.6,0.41212917761922646,0.3825
laya-ml,D-rand,0.65,0.4018027387762177,0.3726
laya-ml,D-rand,0.7,0.39433446000321903,0.3618
laya-ml,D-rand,0.75,0.38876370737569477,0.3513
laya-ml,D-rand,0.8,0.38234051542036335,0.3402
laya-ml,D-rand,0.85,0.37786613651424783,0.3295
laya-ml,D-rand,0.9,0.3741862794191287,0.3172
laya-ml,D-rand,0.95,0.3713235294117647,0.3011
laya-ml,D-rand,1.0,0.3671698963497071,0.2548
laya-ml,D-surf,0.05,0.5608108108108109,0.6889000000000001
laya-ml,D-surf,0.1,0.5168918918918919,0.6072000000000001
laya-ml,D-surf,0.15,0.46656649135987976,0.5583
laya-ml,D-surf,0.2,0.4456338028169014,0.5197
laya-ml,D-surf,0.25,0.4384858044164038,0.4907
laya-ml,D-surf,0.3,0.4202027788208787,0.468
laya-ml,D-surf,0.35,0.40392661731573865,0.4487
laya-ml,D-surf,0.4,0.39323943661971833,0.4316
laya-ml,D-surf,0.45,0.38607911867801703,0.4174
laya-ml,D-surf,0.5,0.3814781433077963,0.4042
laya-ml,D-surf,0.55,0.3779188857025809,0.3912
laya-ml,D-surf,0.6,0.3704468644386031,0.3798
laya-ml,D-surf,0.65,0.3678280464551915,0.3688
laya-ml,D-surf,0.7,0.36085626911314983,0.3585
laya-ml,D-surf,0.75,0.3548144809974463,0.3483
laya-ml,D-surf,0.8,0.35065483734685254,0.3384
laya-ml,D-surf,0.85,0.3455268389662028,0.3276
laya-ml,D-surf,0.9,0.34263895843765646,0.3159
laya-ml,D-surf,0.95,0.340607210626186,0.3002
laya-ml,D-surf,1.0,0.33765209553853087,0.2541
laya-ml,D-sem,0.05,0.5180180180180181,0.6765
laya-ml,D-sem,0.1,0.46959459459459457,0.5926
laya-ml,D-sem,0.15,0.4522915101427498,0.5447000000000001
laya-ml,D-sem,0.2,0.436056338028169,0.5092
laya-ml,D-sem,0.25,0.42136097341144657,0.4824
laya-ml,D-sem,0.3,0.41344348479158843,0.4631
laya-ml,D-sem,0.35,0.39813324750563245,0.4454
laya-ml,D-sem,0.4,0.387887323943662,0.4287
laya-ml,D-sem,0.45,0.3773159739609414,0.4146
laya-ml,D-sem,0.5,0.37269040108156826,0.4018
laya-ml,D-sem,0.55,0.36767718148299877,0.39
laya-ml,D-sem,0.6,0.3676304919263988,0.3787
laya-ml,D-sem,0.65,0.3612411163113191,0.3681
laya-ml,D-sem,0.7,0.35506196684371477,0.3581
laya-ml,D-sem,0.75,0.3504581643382905,0.3479
laya-ml,D-sem,0.8,0.3476975073933249,0.3376
laya-ml,D-sem,0.85,0.344466534128562,0.3266
laya-ml,D-sem,0.9,0.34038557836755134,0.3139
laya-ml,D-sem,0.95,0.33693074003795065,0.2997
laya-ml,D-sem,1.0,0.3329202343397927,0.2537
laya-ml,D-lit,0.05,0.006756756756756757,0.9361
laya-ml,D-lit,0.1,0.006756756756756757,0.8525
laya-ml,D-lit,0.15,0.012021036814425245,0.7725000000000001
laya-ml,D-lit,0.2,0.023098591549295774,0.708
laya-ml,D-lit,0.25,0.029743127534925643,0.6503
laya-ml,D-lit,0.3,0.03680060082613594,0.6049
laya-ml,D-lit,0.35,0.047312520115867396,0.5647
laya-ml,D-lit,0.4,0.05746478873239436,0.5328
laya-ml,D-lit,0.45,0.06885327991987981,0.5041
laya-ml,D-lit,0.5,0.07954033348355115,0.4789
laya-ml,D-lit,0.55,0.08869315854158132,0.4565
laya-ml,D-lit,0.6,0.0989485542621104,0.4382
laya-ml,D-lit,0.65,0.10573756283584677,0.4202
laya-ml,D-lit,0.7,0.11379365845807178,0.4022
laya-ml,D-lit,0.75,0.11987381703470032,0.3844
laya-ml,D-lit,0.8,0.12589776087874946,0.3694
laya-ml,D-lit,0.85,0.1317428760768721,0.3531
laya-ml,D-lit,0.9,0.1384576865297947,0.3353
laya-ml,D-lit,0.95,0.14516129032258066,0.3131
laya-ml,D-lit,1.0,0.15085624155024785,0.2582
laya-ml,D-hard,0.05,0.0045045045045045045,0.9294
laya-ml,D-hard,0.1,0.006756756756756757,0.8454
laya-ml,D-hard,0.15,0.013523666416228399,0.7755000000000001
laya-ml,D-hard,0.2,0.018028169014084508,0.707
laya-ml,D-hard,0.25,0.032897701667417754,0.6493
laya-ml,D-hard,0.3,0.0424333458505445,0.6011000000000001
laya-ml,D-hard,0.35,0.052140328290955905,0.5614
laya-ml,D-hard,0.4,0.06056338028169014,0.5283
laya-ml,D-hard,0.45,0.06860290435653481,0.499
laya-ml,D-hard,0.5,0.07525912573231185,0.4743
laya-ml,D-hard,0.55,0.08418680868496518,0.4521
laya-ml,D-hard,0.6,0.09143822756289899,0.4323
laya-ml,D-hard,0.65,0.10105737562835847,0.415
laya-ml,D-hard,0.7,0.11025269596008369,0.3988
laya-ml,D-hard,0.75,0.1156677181913775,0.3823
laya-ml,D-hard,0.8,0.12336290663286861,0.367
laya-ml,D-hard,0.85,0.13028495692511596,0.3509
laya-ml,D-hard,0.9,0.13657986980470707,0.333
laya-ml,D-hard,0.95,0.14089184060721063,0.312
laya-ml,D-hard,1.0,0.14420910319963948,0.2612
