arm,language,family,bin_lo,bin_hi,n,mean_conf,accuracy
jev-1.13,en,D-rand,0.4,0.5,15,0.4713333333333333,0.6666666666666666
jev-1.13,en,D-rand,0.5,0.6000000000000001,46,0.5556521739130434,0.4782608695652174
jev-1.13,en,D-rand,0.6000000000000001,0.7000000000000001,69,0.6557971014492756,0.6521739130434783
jev-1.13,en,D-rand,0.7000000000000001,0.8,64,0.7643749999999999,0.8125
jev-1.13,en,D-rand,0.8,0.9,134,0.8586567164179103,0.8507462686567164
jev-1.13,en,D-rand,0.9,1.0,2932,0.9937517053206004,0.9942019099590723
jev-1.13,en,D-lit,0.30000000000000004,0.4,10,0.3849999999999999,0.5
jev-1.13,en,D-lit,0.4,0.5,35,0.46114285714285713,0.5428571428571428
jev-1.13,en,D-lit,0.5,0.6000000000000001,113,0.5531858407079646,0.6017699115044248
jev-1.13,en,D-lit,0.6000000000000001,0.7000000000000001,126,0.6565079365079366,0.6349206349206349
jev-1.13,en,D-lit,0.7000000000000001,0.8,160,0.7605625,0.80625
jev-1.13,en,D-lit,0.8,0.9,248,0.8576209677419355,0.8709677419354839
jev-1.13,en,D-lit,0.9,1.0,2572,0.9880870917573873,0.9801710730948678
jev-1.13,en,D-hard,0.4,0.5,70,0.46585714285714286,0.5285714285714286
jev-1.13,en,D-hard,0.5,0.6000000000000001,181,0.5549171270718232,0.5359116022099447
jev-1.13,en,D-hard,0.6000000000000001,0.7000000000000001,202,0.6561881188118812,0.5891089108910891
jev-1.13,en,D-hard,0.7000000000000001,0.8,247,0.7594331983805668,0.680161943319838
jev-1.13,en,D-hard,0.8,0.9,354,0.8582203389830508,0.7853107344632768
jev-1.13,en,D-hard,0.9,1.0,2204,0.9842649727767694,0.9460072595281307
