id,n_distinct_option,n_distinct_key,accuracy,p_gold_mean,p_gold_std,p_gold_range,conf_range,answer_unstable,correctness_varies,arm
57,1,4,1.0,1.0,0.0,0.0,0.0,False,False,jev-1.13
145,1,4,1.0,1.0,0.0,0.0,0.0,False,False,jev-1.13
285,1,4,0.0,0.1125,0.028628049486322058,0.1,0.10999999999999999,False,False,jev-1.13
314,1,4,1.0,1.0,0.0,0.0,0.0,False,False,jev-1.13
350,1,4,1.0,0.9824999999999999,0.017754362599213418,0.06999999999999995,0.06999999999999995,False,False,jev-1.13
428,1,4,1.0,1.0,0.0,0.0,0.0,False,False,jev-1.13
436,1,4,1.0,0.9833333333333334,0.008164965809277268,0.030000000000000027,0.030000000000000027,False,False,jev-1.13
437,1,4,1.0,0.8575,0.0505835512016892,0.17999999999999994,0.17999999999999994,False,False,jev-1.13
455,1,4,0.0,0.3408333333333333,0.07655158344238365,0.24999999999999997,0.25,False,False,jev-1.13
641,1,4,1.0,0.9129166666666667,0.050517252039508166,0.16999999999999993,0.16999999999999993,False,False,jev-1.13
643,1,4,1.0,0.7654166666666667,0.0869772167402709,0.25,0.25,False,False,jev-1.13
645,1,4,1.0,1.0,0.0,0.0,0.0,False,False,jev-1.13
659,1,4,1.0,0.95375,0.02242136015732201,0.07999999999999996,0.07999999999999996,False,False,jev-1.13
660,1,4,1.0,1.0,0.0,0.0,0.0,False,False,jev-1.13
685,1,4,1.0,0.9879166666666667,0.009315329426211445,0.030000000000000027,0.030000000000000027,False,False,jev-1.13
710,2,4,0.9583333333333334,0.5770833333333333,0.07520864697433499,0.29000000000000004,0.24000000000000005,True,True,jev-1.13
722,1,4,0.0,0.08708333333333333,0.06244852953096421,0.19999999999999998,0.42999999999999905,False,False,jev-1.13
879,3,4,0.16666666666666666,0.30083333333333334,0.11185847683827858,0.39999999999999997,0.42000000000000004,True,True,jev-1.13
907,1,4,1.0,0.9899999999999999,0.008846517369293755,0.040000000000000036,0.040000000000000036,False,False,jev-1.13
943,1,4,1.0,0.9766666666666667,0.03409279748832166,0.13,0.13,False,False,jev-1.13
959,1,4,1.0,1.0,0.0,0.0,0.0,False,False,jev-1.13
999,1,4,1.0,0.8241666666666667,0.054686193048565084,0.17000000000000004,0.17000000000000004,False,False,jev-1.13
1041,1,4,1.0,0.9833333333333334,0.014345630047135401,0.06000000000000005,0.06000000000000005,False,False,jev-1.13
1073,2,4,0.7916666666666666,0.5641666666666667,0.15188429997768085,0.55,0.26,True,True,jev-1.13
1090,1,4,1.0,1.0,0.0,0.0,0.0,False,False,jev-1.13
1241,2,4,0.20833333333333334,0.3770833333333334,0.06334715714884592,0.21999999999999997,0.23000000000000004,True,True,jev-1.13
1249,1,4,1.0,0.8029166666666666,0.09392314928181697,0.31000000000000005,0.31000000000000005,False,False,jev-1.13
1250,1,4,1.0,0.8154166666666667,0.08667676919936836,0.33000000000000007,0.33000000000000007,False,False,jev-1.13
1281,3,3,0.4166666666666667,0.35375,0.13965212992040024,0.48,0.3,True,True,jev-1.13
1294,2,4,0.9166666666666666,0.6829166666666667,0.13248393394530214,0.51,0.37,True,True,jev-1.13
1337,1,4,1.0,0.7108333333333333,0.10387771517580137,0.35,0.35,False,False,jev-1.13
1398,2,4,0.7916666666666666,0.5329166666666667,0.057064354720877584,0.22999999999999998,0.14,True,True,jev-1.13
1433,1,4,1.0,0.9429166666666666,0.025448868885202567,0.09999999999999998,0.09999999999999998,False,False,jev-1.13
1441,1,4,1.0,0.9929166666666666,0.005500329370901889,0.020000000000000018,0.020000000000000018,False,False,jev-1.13
1442,1,4,1.0,1.0,0.0,0.0,0.0,False,False,jev-1.13
1454,1,4,1.0,0.9474999999999999,0.028322674892098026,0.09999999999999998,0.09999999999999998,False,False,jev-1.13
1528,2,4,0.5,0.39125000000000004,0.13671018218495454,0.4800000000000001,0.33000000000000007,True,True,jev-1.13
1544,1,4,1.0,1.0,0.0,0.0,0.0,False,False,jev-1.13
1549,1,4,1.0,1.0,0.0,0.0,0.0,False,False,jev-1.13
1628,1,4,0.0,0.0,0.0,0.0,0.0,False,False,jev-1.13
1662,1,4,1.0,0.86625,0.054598335696883334,0.19000000000000006,0.19000000000000006,False,False,jev-1.13
1716,1,4,1.0,1.0,0.0,0.0,0.0,False,False,jev-1.13
1735,1,4,1.0,0.9975,0.004423258684646919,0.010000000000000009,0.010000000000000009,False,False,jev-1.13
1849,1,4,1.0,1.0,0.0,0.0,0.0,False,False,jev-1.13
1907,1,4,1.0,0.7120833333333333,0.08203812298674565,0.2799999999999999,0.2799999999999999,False,False,jev-1.13
1918,2,4,0.8333333333333334,0.4329166666666666,0.09261792326620656,0.32999999999999996,0.24,True,True,jev-1.13
1977,1,4,1.0,0.8825,0.08120023559614564,0.22999999999999998,0.22999999999999998,False,False,jev-1.13
2157,1,4,0.0,0.06375,0.04489722563327513,0.16,0.16999999999999993,False,False,jev-1.13
2200,1,4,1.0,0.8537500000000001,0.04291675460804272,0.16000000000000003,0.16000000000000003,False,False,jev-1.13
2255,1,4,1.0,0.9070833333333334,0.07285955320171554,0.28,0.28,False,False,jev-1.13
2259,1,4,1.0,0.9854166666666666,0.016412923504696395,0.050000000000000044,0.050000000000000044,False,False,jev-1.13
2298,1,4,1.0,0.8195833333333332,0.06924933945167089,0.249999999999999,0.249999999999999,False,False,jev-1.13
2323,1,4,1.0,0.9904166666666666,0.009990937922923469,0.030000000000000027,0.030000000000000027,False,False,jev-1.13
2356,1,4,1.0,0.9766666666666666,0.01578845661611181,0.07000000000000095,0.07000000000000095,False,False,jev-1.13
2373,1,4,0.0,0.09666666666666666,0.02513730411104211,0.09999999999999999,0.09999999999999998,False,False,jev-1.13
2392,1,4,1.0,1.0,0.0,0.0,0.0,False,False,jev-1.13
2410,1,4,1.0,0.7608333333333334,0.06768961558445297,0.28,0.28,False,False,jev-1.13
2414,1,4,1.0,0.97125,0.011539158284426315,0.040000000000000036,0.040000000000000036,False,False,jev-1.13
2443,1,4,1.0,1.0,0.0,0.0,0.0,False,False,jev-1.13
2452,1,4,1.0,0.8983333333333333,0.07130258039520378,0.2699999999999999,0.2699999999999999,False,False,jev-1.13
2471,1,4,0.0,0.11625,0.05954994250353155,0.16999999999999998,0.34,False,False,jev-1.13
2512,1,4,1.0,0.9983333333333334,0.0038069349381344166,0.010000000000000009,0.010000000000000009,False,False,jev-1.13
2514,1,4,1.0,0.9595833333333333,0.018052861188782507,0.06999999999999995,0.06999999999999995,False,False,jev-1.13
2532,1,4,1.0,0.9920833333333333,0.005882299658752677,0.020000000000000018,0.020000000000000018,False,False,jev-1.13
2548,1,4,1.0,0.9504166666666666,0.017810394294555516,0.08999999999999997,0.08999999999999997,False,False,jev-1.13
2565,1,4,0.0,0.16874999999999998,0.04276452206942206,0.19999999999999998,0.20000000000000007,False,False,jev-1.13
2608,1,4,1.0,1.0,0.0,0.0,0.0,False,False,jev-1.13
2659,1,4,1.0,0.9966666666666667,0.005646597025732815,0.020000000000000018,0.020000000000000018,False,False,jev-1.13
2748,1,4,1.0,0.9954166666666667,0.005882299658752734,0.020000000000000018,0.020000000000000018,False,False,jev-1.13
2766,1,4,1.0,0.9891666666666666,0.007755316082290391,0.020000000000000018,0.020000000000000018,False,False,jev-1.13
2771,2,4,0.875,0.6191666666666668,0.1034583161877565,0.35000000000000003,0.30000000000000004,True,True,jev-1.13
2800,1,4,1.0,0.9975,0.0044232586846469244,0.010000000000000009,0.010000000000000009,False,False,jev-1.13
2803,1,4,1.0,0.9275000000000001,0.020269917740765264,0.08999999999999997,0.08999999999999997,False,False,jev-1.13
2805,1,4,1.0,0.9995833333333333,0.002041241452319303,0.010000000000000009,0.010000000000000009,False,False,jev-1.13
2957,1,4,1.0,0.8241666666666667,0.05586604060387332,0.22999999999999998,0.22999999999999998,False,False,jev-1.13
2960,1,4,1.0,0.74375,0.05306374345600977,0.18000000000000005,0.18000000000000005,False,False,jev-1.13
2969,1,4,1.0,0.9954166666666667,0.005089773777040535,0.010000000000000009,0.010000000000000009,False,False,jev-1.13
2986,1,4,1.0,0.8008333333333333,0.05977615248405589,0.18999999999999995,0.18999999999999995,False,False,jev-1.13
2993,1,4,1.0,0.9833333333333334,0.011671841502435307,0.040000000000000036,0.040000000000000036,False,False,jev-1.13
3042,1,4,1.0,1.0,0.0,0.0,0.0,False,False,jev-1.13
3043,2,4,0.0,0.18375,0.11465686046710818,0.35000000000000003,0.38,True,False,jev-1.13
3071,2,4,0.3333333333333333,0.45166666666666666,0.09544707919856027,0.35000000000000003,0.20000000000000007,True,True,jev-1.13
3167,1,4,1.0,1.0,0.0,0.0,0.0,False,False,jev-1.13
3230,1,4,1.0,1.0,0.0,0.0,0.0,False,False,jev-1.13
3233,1,4,1.0,0.9987499999999999,0.0033783196234608943,0.010000000000000009,0.010000000000000009,False,False,jev-1.13
3285,1,4,1.0,1.0,0.0,0.0,0.0,False,False,jev-1.13
3308,1,4,1.0,1.0,0.0,0.0,0.0,False,False,jev-1.13
3359,1,4,1.0,1.0,0.0,0.0,0.0,False,False,jev-1.13
3379,1,4,0.0,0.08333333333333333,0.05239205604127293,0.17,0.16999999999999993,False,False,jev-1.13
3392,1,4,0.0,0.007916666666666667,0.005089773777040516,0.02,0.020000000000000018,False,False,jev-1.13
3394,1,4,1.0,1.0,0.0,0.0,0.0,False,False,jev-1.13
3423,1,4,1.0,0.995,0.005897678246195872,0.020000000000000018,0.020000000000000018,False,False,jev-1.13
3428,2,4,0.0,0.11833333333333333,0.046313362393934264,0.16999999999999998,0.51,True,False,jev-1.13
3439,1,4,1.0,0.97125,0.00946963109331501,0.040000000000000036,0.040000000000000036,False,False,jev-1.13
3447,1,4,1.0,0.9804166666666667,0.009545846657358211,0.030000000000000027,0.030000000000000027,False,False,jev-1.13
3494,1,4,1.0,0.9954166666666667,0.005089773777040569,0.010000000000000009,0.010000000000000009,False,False,jev-1.13
3543,1,4,1.0,0.9049999999999999,0.06865160943678503,0.2699999999999999,0.2699999999999999,False,False,jev-1.13
3573,1,4,1.0,0.7154166666666667,0.0842862187232686,0.35,0.35,False,False,jev-1.13
3582,1,4,1.0,0.89,0.05927093282765899,0.21999999999999997,0.21999999999999997,False,False,jev-1.13
3600,1,4,1.0,0.9779166666666667,0.012150922908826012,0.040000000000000036,0.040000000000000036,False,False,jev-1.13
3601,1,4,1.0,0.9970833333333333,0.004643056214875322,0.010000000000000009,0.010000000000000009,False,False,jev-1.13
3605,2,4,0.2916666666666667,0.40166666666666667,0.12027745701779147,0.41000000000000003,0.28,True,True,jev-1.13
3606,1,4,1.0,0.9970833333333333,0.00464305621487539,0.010000000000000009,0.010000000000000009,False,False,jev-1.13
3607,1,4,1.0,0.9420833333333333,0.021054621854815568,0.06999999999999995,0.06999999999999995,False,False,jev-1.13
3617,1,4,1.0,0.8466666666666667,0.08036150206717607,0.2499999999999999,0.2499999999999999,False,False,jev-1.13
3751,1,4,1.0,0.9708333333333333,0.013160106602801609,0.050000000000000044,0.050000000000000044,False,False,jev-1.13
3783,1,4,1.0,0.83625,0.05122944975050124,0.20999999999999996,0.20999999999999996,False,False,jev-1.13
3856,1,4,1.0,0.9604166666666667,0.019886453039512923,0.06999999999999995,0.06999999999999995,False,False,jev-1.13
3878,1,4,0.0,0.037083333333333336,0.022356628560221466,0.09000000000000001,0.10999999999999999,False,False,jev-1.13
3944,1,4,0.0,0.0008333333333333334,0.002823298512866399,0.01,0.010000000000000009,False,False,jev-1.13
4041,1,4,1.0,0.99375,0.005757792451369164,0.020000000000000018,0.020000000000000018,False,False,jev-1.13
4056,1,4,1.0,1.0,0.0,0.0,0.0,False,False,jev-1.13
4090,1,4,1.0,1.0,0.0,0.0,0.0,False,False,jev-1.13
4108,1,4,1.0,1.0,0.0,0.0,0.0,False,False,jev-1.13
4114,1,4,1.0,0.9929166666666666,0.007506036218280925,0.020000000000000018,0.020000000000000018,False,False,jev-1.13
4164,1,4,1.0,0.8641666666666667,0.04210924370963104,0.16000000000000003,0.16000000000000003,False,False,jev-1.13
4167,1,4,1.0,0.9908333333333333,0.011389036172018087,0.040000000000000036,0.040000000000000036,False,False,jev-1.13
4239,2,4,0.625,0.49291666666666667,0.14308644898821818,0.45000000000000007,0.26,True,True,jev-1.13
4252,1,4,1.0,0.9866666666666667,0.011671841502435299,0.040000000000000036,0.040000000000000036,False,False,jev-1.13
4279,1,4,1.0,0.5029166666666666,0.057292473643855535,0.22999999999999998,0.22999999999999998,False,False,jev-1.13
4289,2,4,0.125,0.33666666666666667,0.10348983006815807,0.3600000000000001,0.28,True,True,jev-1.13
4347,1,4,1.0,0.8858333333333333,0.04074487608934684,0.16999999999999993,0.16999999999999993,False,False,jev-1.13
4405,1,4,1.0,0.9720833333333333,0.01318073913170169,0.040000000000000036,0.040000000000000036,False,False,jev-1.13
4464,1,4,1.0,1.0,0.0,0.0,0.0,False,False,jev-1.13
4523,1,4,1.0,0.9175,0.06208339412505535,0.20999999999999996,0.20999999999999996,False,False,jev-1.13
4589,1,4,1.0,1.0,0.0,0.0,0.0,False,False,jev-1.13
4618,1,4,1.0,0.9224999999999999,0.04513265471628208,0.17000000000000093,0.17000000000000093,False,False,jev-1.13
4651,1,4,0.0,0.24916666666666668,0.10442041557284569,0.31999999999999995,0.32000000000000006,False,False,jev-1.13
4653,2,4,0.875,0.6370833333333333,0.1066273138458013,0.34,0.29000000000000004,True,True,jev-1.13
4728,2,4,0.9583333333333334,0.6766666666666667,0.10552834635328069,0.42,0.39,True,True,jev-1.13
4743,1,4,1.0,1.0,0.0,0.0,0.0,False,False,jev-1.13
4753,1,4,1.0,0.8995833333333333,0.07037039685566071,0.2699999999999999,0.2699999999999999,False,False,jev-1.13
4813,1,4,1.0,1.0,0.0,0.0,0.0,False,False,jev-1.13
4838,1,4,1.0,1.0,0.0,0.0,0.0,False,False,jev-1.13
4885,1,4,1.0,1.0,0.0,0.0,0.0,False,False,jev-1.13
5027,1,4,1.0,0.9470833333333334,0.03394101874757427,0.12,0.12,False,False,jev-1.13
5040,1,4,1.0,0.9704166666666666,0.024402274781109113,0.07999999999999996,0.07999999999999996,False,False,jev-1.13
5141,1,4,1.0,0.9500000000000001,0.02395648228514075,0.07999999999999996,0.07999999999999996,False,False,jev-1.13
5152,1,4,1.0,0.6683333333333333,0.08468184275719098,0.27,0.27,False,False,jev-1.13
5190,1,4,1.0,1.0,0.0,0.0,0.0,False,False,jev-1.13
5216,1,4,0.0,0.042083333333333334,0.043336817028306635,0.16,0.16000000000000003,False,False,jev-1.13
5240,1,4,1.0,0.9845833333333333,0.013180739131701685,0.050000000000000044,0.050000000000000044,False,False,jev-1.13
5258,1,4,1.0,0.9991666666666666,0.0028232985128663966,0.010000000000000009,0.010000000000000009,False,False,jev-1.13
5266,1,4,1.0,0.9995833333333333,0.002041241452319316,0.010000000000000009,0.010000000000000009,False,False,jev-1.13
5321,1,4,1.0,0.9708333333333333,0.017424786610050525,0.06999999999999995,0.06999999999999995,False,False,jev-1.13
5328,1,4,1.0,0.94375,0.029014614008925858,0.09999999999999998,0.09999999999999998,False,False,jev-1.13
5334,1,4,1.0,0.9929166666666666,0.006902530516863494,0.020000000000000018,0.020000000000000018,False,False,jev-1.13
5346,1,4,1.0,0.8562500000000001,0.05609095873823076,0.21999999999999909,0.21999999999999909,False,False,jev-1.13
5350,1,4,1.0,0.9770833333333333,0.02010389680302469,0.08999999999999997,0.08999999999999997,False,False,jev-1.13
5380,1,4,0.0,0.26333333333333336,0.08835042219168664,0.30000000000000004,0.29999999999999993,False,False,jev-1.13
5429,2,4,0.0,0.1708333333333333,0.04412597250231842,0.13,0.32,True,False,jev-1.13
5458,1,4,1.0,0.9454166666666667,0.024313025077225516,0.09999999999999998,0.09999999999999998,False,False,jev-1.13
5500,1,4,1.0,1.0,0.0,0.0,0.0,False,False,jev-1.13
5689,1,4,1.0,0.9791666666666666,0.008805466023105082,0.030000000000000027,0.030000000000000027,False,False,jev-1.13
5724,1,4,0.0,0.15458333333333332,0.07506398237021109,0.27,0.33999999999999997,False,False,jev-1.13
5774,2,4,0.9583333333333334,0.6775000000000001,0.0945584705239361,0.39,0.37,True,True,jev-1.13
5841,1,4,1.0,1.0,0.0,0.0,0.0,False,False,jev-1.13
5866,1,4,1.0,0.7954166666666667,0.08782290315652616,0.2799999999999999,0.2799999999999999,False,False,jev-1.13
5872,1,4,1.0,1.0,0.0,0.0,0.0,False,False,jev-1.13
5891,1,4,1.0,0.9654166666666666,0.024313025077225506,0.06999999999999995,0.06999999999999995,False,False,jev-1.13
5927,2,4,0.08333333333333333,0.3466666666666667,0.11502992679286125,0.43000000000000005,0.32999999999999996,True,True,jev-1.13
5944,2,3,0.5,0.5016666666666667,0.11645736919825944,0.42000000000000004,0.24,True,True,jev-1.13
5949,1,4,1.0,0.9908333333333333,0.0071728150235677345,0.020000000000000018,0.020000000000000018,False,False,jev-1.13
5999,1,4,1.0,0.8137500000000001,0.10150230239410508,0.2799999999999999,0.2799999999999999,False,False,jev-1.13
6029,1,4,1.0,0.995,0.007801894976054975,0.020000000000000018,0.020000000000000018,False,False,jev-1.13
6032,1,4,1.0,0.9474999999999999,0.0390373288466086,0.13,0.13,False,False,jev-1.13
6036,1,4,1.0,0.9416666666666668,0.06411041200566589,0.30999999999999994,0.30999999999999994,False,False,jev-1.13
6100,1,4,1.0,0.9966666666666667,0.0048154341234308,0.010000000000000009,0.010000000000000009,False,False,jev-1.13
6104,1,4,1.0,0.6941666666666667,0.05911791214371397,0.24,0.24,False,False,jev-1.13
6111,1,4,1.0,0.99625,0.004945353550468409,0.010000000000000009,0.010000000000000009,False,False,jev-1.13
6138,1,4,1.0,0.8545833333333334,0.07089362310604139,0.21999999999999997,0.21999999999999997,False,False,jev-1.13
6235,1,4,1.0,0.9645833333333332,0.02519129709394419,0.07999999999999996,0.07999999999999996,False,False,jev-1.13
6255,1,4,1.0,0.815,0.07885043629776448,0.26,0.26,False,False,jev-1.13
6411,1,4,1.0,1.0,0.0,0.0,0.0,False,False,jev-1.13
6467,3,4,0.75,0.4658333333333333,0.11080404429389779,0.38,0.3,True,True,jev-1.13
6535,1,4,1.0,0.9970833333333333,0.0046430562148753905,0.010000000000000009,0.010000000000000009,False,False,jev-1.13
6552,1,4,1.0,0.9733333333333333,0.010072203103706706,0.040000000000000036,0.040000000000000036,False,False,jev-1.13
6593,1,4,1.0,0.9929166666666666,0.004643056214875402,0.010000000000000009,0.010000000000000009,False,False,jev-1.13
6604,1,4,1.0,0.9333333333333332,0.013726099121798894,0.04999999999999993,0.04999999999999993,False,False,jev-1.13
6614,1,4,1.0,1.0,0.0,0.0,0.0,False,False,jev-1.13
6646,1,4,0.0,0.12833333333333333,0.1187495232637265,0.38999999999999996,0.39,False,False,jev-1.13
6666,1,4,1.0,0.6329166666666667,0.09575690083733397,0.35,0.35,False,False,jev-1.13
6683,1,4,1.0,0.7687499999999999,0.09988308382695545,0.30999999999999994,0.30999999999999994,False,False,jev-1.13
6686,1,4,1.0,0.8766666666666666,0.06322263399507617,0.24,0.24,False,False,jev-1.13
6698,1,4,1.0,0.9116666666666666,0.06518646609779401,0.18999999999999995,0.18999999999999995,False,False,jev-1.13
6739,1,4,1.0,1.0,0.0,0.0,0.0,False,False,jev-1.13
6779,1,4,1.0,1.0,0.0,0.0,0.0,False,False,jev-1.13
6785,1,4,1.0,1.0,0.0,0.0,0.0,False,False,jev-1.13
6806,1,4,1.0,0.8695833333333334,0.04704107055372547,0.15999999999999992,0.15999999999999992,False,False,jev-1.13
6835,1,4,1.0,0.995,0.005897678246195862,0.020000000000000018,0.020000000000000018,False,False,jev-1.13
6870,1,4,1.0,0.9545833333333333,0.021463653132612382,0.05999999999999994,0.05999999999999994,False,False,jev-1.13
6874,1,4,1.0,1.0,0.0,0.0,0.0,False,False,jev-1.13
6881,1,4,1.0,1.0,0.0,0.0,0.0,False,False,jev-1.13
6903,1,4,1.0,1.0,0.0,0.0,0.0,False,False,jev-1.13
6904,2,4,0.16666666666666666,0.37625,0.13792917212011077,0.5,0.29000000000000004,True,True,jev-1.13
6923,1,4,1.0,0.96,0.018650096164806288,0.06999999999999995,0.06999999999999995,False,False,jev-1.13
6937,1,4,1.0,0.9245833333333334,0.021865033961668723,0.06999999999999995,0.06999999999999995,False,False,jev-1.13
6939,1,4,1.0,1.0,0.0,0.0,0.0,False,False,jev-1.13
6941,2,4,0.5416666666666666,0.5058333333333334,0.11178071182557339,0.36000000000000004,0.20000000000000007,True,True,jev-1.13
6948,2,4,0.375,0.4275,0.11869764292007907,0.45999999999999996,0.35000000000000003,True,True,jev-1.13
6952,1,4,1.0,0.9920833333333333,0.005089773777040535,0.020000000000000018,0.020000000000000018,False,False,jev-1.13
6954,1,4,1.0,0.7983333333333333,0.08600640353645395,0.32000000000000006,0.32000000000000006,False,False,jev-1.13
6960,1,4,0.0,0.12041666666666667,0.04572880042605314,0.17,0.16999999999999993,False,False,jev-1.13
6972,1,4,0.0,0.17416666666666666,0.07186440533131257,0.22999999999999998,0.24,False,False,jev-1.13
6980,1,4,1.0,0.9220833333333333,0.023586873037987538,0.08999999999999997,0.08999999999999997,False,False,jev-1.13
7001,1,4,1.0,1.0,0.0,0.0,0.0,False,False,jev-1.13
7097,1,4,1.0,0.8491666666666666,0.0943129234847053,0.32999999999999996,0.32999999999999996,False,False,jev-1.13
7114,1,4,1.0,1.0,0.0,0.0,0.0,False,False,jev-1.13
7116,1,4,1.0,1.0,0.0,0.0,0.0,False,False,jev-1.13
7124,1,4,1.0,1.0,0.0,0.0,0.0,False,False,jev-1.13
7152,1,4,1.0,0.8770833333333333,0.06307202002587932,0.19999999999999996,0.19999999999999996,False,False,jev-1.13
7220,1,4,1.0,0.9525,0.040566638681471305,0.17999999999999994,0.17999999999999994,False,False,jev-1.13
7242,1,4,0.0,0.2304166666666667,0.05622000005155728,0.21999999999999997,0.22999999999999998,False,False,jev-1.13
7246,1,4,1.0,0.99125,0.007974142996067912,0.020000000000000018,0.020000000000000018,False,False,jev-1.13
7253,1,4,1.0,0.8958333333333334,0.06392364104193352,0.19999999999999996,0.19999999999999996,False,False,jev-1.13
7279,2,4,0.25,0.43625,0.0831871906945545,0.32,0.14,True,True,jev-1.13
7284,1,4,1.0,0.7466666666666666,0.05646597025732803,0.22999999999999998,0.22999999999999998,False,False,jev-1.13
7294,2,4,0.375,0.4229166666666666,0.07726178911966128,0.27,0.24000000000000005,True,True,jev-1.13
7312,1,4,1.0,0.8558333333333333,0.04624289996422631,0.15999999999999903,0.15999999999999903,False,False,jev-1.13
7364,1,4,1.0,0.9979166666666667,0.004148511169990551,0.010000000000000009,0.010000000000000009,False,False,jev-1.13
7466,1,4,1.0,0.9583333333333334,0.01659404467996212,0.05999999999999994,0.05999999999999994,False,False,jev-1.13
7525,1,4,1.0,0.8441666666666667,0.09141004923666365,0.31999999999999995,0.31999999999999995,False,False,jev-1.13
7563,1,4,1.0,1.0,0.0,0.0,0.0,False,False,jev-1.13
7598,1,4,1.0,0.9975,0.004423258684646935,0.010000000000000009,0.010000000000000009,False,False,jev-1.13
7623,1,4,1.0,0.96875,0.00991814323436554,0.040000000000000036,0.040000000000000036,False,False,jev-1.13
7657,1,4,1.0,1.0,0.0,0.0,0.0,False,False,jev-1.13
7707,1,4,1.0,0.9983333333333334,0.0038069349381344313,0.010000000000000009,0.010000000000000009,False,False,jev-1.13
7734,2,3,0.4583333333333333,0.42875,0.1734888168304153,0.4800000000000001,0.26,True,True,jev-1.13
7780,1,4,1.0,0.9725,0.015948285992135887,0.05999999999999994,0.05999999999999994,False,False,jev-1.13
7804,1,4,1.0,1.0,0.0,0.0,0.0,False,False,jev-1.13
7978,1,4,1.0,0.9987499999999999,0.0033783196234608843,0.010000000000000009,0.010000000000000009,False,False,jev-1.13
7999,2,4,0.9166666666666666,0.71625,0.13707543147130155,0.49000000000000005,0.42000000000000004,True,True,jev-1.13
8078,1,4,1.0,0.6375000000000001,0.07880907032326541,0.30000000000000004,0.30000000000000004,False,False,jev-1.13
8085,1,4,1.0,1.0,0.0,0.0,0.0,False,False,jev-1.13
8126,1,4,1.0,0.8954166666666666,0.037063889219265296,0.10999999999999999,0.10999999999999999,False,False,jev-1.13
8141,1,4,1.0,1.0,0.0,0.0,0.0,False,False,jev-1.13
8180,1,4,1.0,0.9579166666666666,0.027659288347389902,0.10999999999999999,0.10999999999999999,False,False,jev-1.13
8189,1,4,1.0,0.8091666666666667,0.12419888211590542,0.3899999999999999,0.3899999999999999,False,False,jev-1.13
8207,1,4,1.0,1.0,0.0,0.0,0.0,False,False,jev-1.13
8211,1,4,1.0,1.0,0.0,0.0,0.0,False,False,jev-1.13
8212,2,4,0.25,0.40041666666666664,0.12956378877726155,0.48,0.3400000000000001,True,True,jev-1.13
8214,1,4,1.0,0.90875,0.04347037972048872,0.16999999999999993,0.16999999999999993,False,False,jev-1.13
8243,1,4,1.0,1.0,0.0,0.0,0.0,False,False,jev-1.13
8254,1,4,1.0,1.0,0.0,0.0,0.0,False,False,jev-1.13
8285,1,4,1.0,0.9575,0.03541677323087123,0.12,0.12,False,False,jev-1.13
8380,1,4,1.0,0.8829166666666667,0.03406887737799859,0.1399999999999999,0.1399999999999999,False,False,jev-1.13
8414,1,4,1.0,1.0,0.0,0.0,0.0,False,False,jev-1.13
8442,1,4,1.0,1.0,0.0,0.0,0.0,False,False,jev-1.13
8461,1,4,0.0,0.15416666666666667,0.11072553873220141,0.35,0.35,False,False,jev-1.13
8478,1,4,1.0,0.98625,0.008242255917447372,0.030000000000000027,0.030000000000000027,False,False,jev-1.13
8479,2,3,0.25,0.2570833333333333,0.12309343099297854,0.36,0.48,True,True,jev-1.13
8551,1,4,1.0,0.9908333333333333,0.009743076322798885,0.030000000000000027,0.030000000000000027,False,False,jev-1.13
8579,1,4,1.0,0.9954166666666667,0.0058822996587527205,0.020000000000000018,0.020000000000000018,False,False,jev-1.13
8590,1,4,0.0,0.009166666666666667,0.0058359207512176485,0.02,0.25,False,False,jev-1.13
8592,1,4,1.0,0.7504166666666667,0.10123065211454599,0.39,0.39,False,False,jev-1.13
8622,1,4,1.0,0.9795833333333333,0.01267629306213381,0.050000000000000044,0.050000000000000044,False,False,jev-1.13
8629,1,4,0.0,0.023333333333333334,0.01551063216458077,0.05,0.050000000000000044,False,False,jev-1.13
8703,1,4,1.0,0.9979166666666667,0.004148511169990557,0.010000000000000009,0.010000000000000009,False,False,jev-1.13
8713,1,4,1.0,0.9654166666666666,0.026699481621195918,0.10999999999999999,0.10999999999999999,False,False,jev-1.13
8716,2,4,0.2916666666666667,0.4566666666666667,0.07550794180324556,0.35000000000000003,0.17000000000000004,True,True,jev-1.13
8853,1,4,1.0,1.0,0.0,0.0,0.0,False,False,jev-1.13
8870,1,4,1.0,0.9966666666666667,0.004815434123430786,0.010000000000000009,0.010000000000000009,False,False,jev-1.13
8877,1,4,1.0,0.9304166666666666,0.04867631927304091,0.16999999999999993,0.16999999999999993,False,False,jev-1.13
9023,1,4,1.0,0.9591666666666666,0.01839580922659967,0.07999999999999996,0.07999999999999996,False,False,jev-1.13
9039,1,4,1.0,0.97625,0.011349200316590025,0.040000000000000036,0.040000000000000036,False,False,jev-1.13
9245,1,4,0.0,0.24708333333333332,0.07030858483463649,0.27,0.2699999999999999,False,False,jev-1.13
9267,1,4,1.0,0.9995833333333333,0.0020412414523192997,0.010000000000000009,0.010000000000000009,False,False,jev-1.13
9274,1,4,1.0,0.9933333333333333,0.004815434123430785,0.010000000000000009,0.010000000000000009,False,False,jev-1.13
9344,1,4,1.0,1.0,0.0,0.0,0.0,False,False,jev-1.13
9351,1,4,1.0,1.0,0.0,0.0,0.0,False,False,jev-1.13
9371,1,4,1.0,0.8704166666666667,0.024402274781109116,0.08999999999999997,0.08999999999999997,False,False,jev-1.13
9415,1,4,1.0,0.9983333333333334,0.003806934938134433,0.010000000000000009,0.010000000000000009,False,False,jev-1.13
9444,1,4,0.0,0.0033333333333333335,0.004815434123430768,0.01,0.020000000000000018,False,False,jev-1.13
9468,2,4,0.7916666666666666,0.57375,0.17178886181437455,0.52,0.4600000000000001,True,True,jev-1.13
9470,1,4,0.0,0.06375,0.01739877556911255,0.07,0.10999999999999988,False,False,jev-1.13
9505,2,4,0.0,0.012083333333333335,0.004148511169990535,0.01,0.42000000000000004,True,False,jev-1.13
9568,2,4,0.75,0.64125,0.18453967406589797,0.49,0.420000000000001,True,True,jev-1.13
9570,1,4,0.0,0.06541666666666666,0.027971906195893844,0.13,0.37,False,False,jev-1.13
9659,1,4,1.0,0.9787499999999999,0.00991814323436557,0.030000000000000027,0.030000000000000027,False,False,jev-1.13
9661,1,4,1.0,0.9954166666666667,0.0050897737770405046,0.010000000000000009,0.010000000000000009,False,False,jev-1.13
9699,1,4,1.0,1.0,0.0,0.0,0.0,False,False,jev-1.13
9706,1,4,1.0,0.6695833333333333,0.06695093379656389,0.25,0.25,False,False,jev-1.13
9712,2,4,0.75,0.5725,0.09856580234190938,0.36,0.26,True,True,jev-1.13
9718,1,4,1.0,0.9279166666666666,0.04960532638534999,0.15999999999999992,0.15999999999999992,False,False,jev-1.13
9720,1,4,1.0,0.9958333333333332,0.005835920751217657,0.020000000000000018,0.020000000000000018,False,False,jev-1.13
9724,2,4,0.6666666666666666,0.58,0.13286148393361968,0.4600000000000001,0.33000000000000007,True,True,jev-1.13
9815,1,4,0.0,0.0525,0.01939296152014279,0.08,0.07999999999999996,False,False,jev-1.13
9873,3,4,0.4166666666666667,0.37333333333333335,0.09120767829360718,0.3400000000000001,0.21000000000000008,True,True,jev-1.13
9877,1,4,1.0,0.9991666666666666,0.0028232985128664153,0.010000000000000009,0.010000000000000009,False,False,jev-1.13
9926,1,4,1.0,0.8745833333333334,0.029337491470763193,0.09999999999999998,0.09999999999999998,False,False,jev-1.13
9933,1,4,0.0,0.0,0.0,0.0,0.0,False,False,jev-1.13
10013,1,4,1.0,0.9666666666666667,0.012394482175782802,0.050000000000000044,0.050000000000000044,False,False,jev-1.13
10051,1,4,1.0,0.9987499999999999,0.0033783196234609095,0.010000000000000009,0.010000000000000009,False,False,jev-1.13
10054,1,4,1.0,1.0,0.0,0.0,0.0,False,False,jev-1.13
10146,1,4,1.0,1.0,0.0,0.0,0.0,False,False,jev-1.13
10193,2,4,0.3333333333333333,0.38958333333333334,0.08819342214782756,0.30000000000000004,0.24000000000000105,True,True,jev-1.13
10211,1,4,1.0,0.9874999999999999,0.010733936430981299,0.040000000000000036,0.040000000000000036,False,False,jev-1.13
10230,1,4,1.0,1.0,0.0,0.0,0.0,False,False,jev-1.13
10330,1,4,1.0,0.9491666666666667,0.025861952356891846,0.09999999999999998,0.09999999999999998,False,False,jev-1.13
10357,1,4,1.0,0.9908333333333333,0.008297022339981062,0.030000000000000027,0.030000000000000027,False,False,jev-1.13
