id,n_distinct_pred,acc,p_gold_mean,p_gold_std,conf_range,unstable
15,3,0.16666666666666666,0.20005416666666667,0.1066304711289808,0.2852,True
43,4,0.041666666666666664,0.08714166666666667,0.0999318416272536,0.6702,True
47,4,0.0,0.15556250000000002,0.04819302504557561,0.3644,True
56,4,0.16666666666666666,0.16809583333333333,0.20462121628950677,0.5610999999999999,True
61,4,0.0,0.07542916666666667,0.06907855313788201,0.5555,True
62,4,0.0,0.11347916666666667,0.054977774000572,0.44350000000000006,True
66,4,0.041666666666666664,0.17212916666666667,0.1026724529295941,0.39769999999999994,True
72,4,0.5833333333333334,0.34394583333333334,0.07336658983231527,0.19290000000000002,True
73,3,0.20833333333333334,0.2625625,0.17729439975583722,0.2854,True
89,4,0.0,0.1292375,0.05933589581870907,0.4271,True
110,4,0.3333333333333333,0.28665833333333335,0.11643888083889545,0.3718,True
116,4,0.2916666666666667,0.23611250000000003,0.1362536678804265,0.3814,True
118,4,0.5,0.3863541666666667,0.2642342257710772,0.5,True
128,4,0.08333333333333333,0.22781666666666667,0.05209235666763797,0.14850000000000002,True
137,4,0.0,0.12257916666666667,0.051568771972518634,0.3735,True
158,4,0.0,0.09400416666666667,0.10356493648354438,0.6416999999999999,True
165,3,0.125,0.18262916666666665,0.08591493001379541,0.44710000000000005,True
167,4,0.16666666666666666,0.20352083333333335,0.12433382826668404,0.2858,True
175,4,0.125,0.23693333333333333,0.08162288504040299,0.30079999999999996,True
179,4,0.0,0.15402083333333336,0.07029122636306177,0.5384,True
184,4,0.16666666666666666,0.237625,0.11644190284914806,0.3092,True
204,4,0.0,0.018625,0.023747333946471074,0.29710000000000003,True
206,4,0.041666666666666664,0.049125,0.0988321381016273,0.5252,True
208,3,0.125,0.2136625,0.08940560148048306,0.3549,True
233,4,0.0,0.13652916666666667,0.07275531643007664,0.4294,True
235,3,0.4166666666666667,0.3377375,0.13956310653794482,0.37989999999999996,True
259,4,0.25,0.25767083333333335,0.12119397487953537,0.34280000000000005,True
272,4,0.0,0.034208333333333334,0.021191300853983883,0.13729999999999998,True
274,4,0.125,0.18513333333333334,0.09416780889393178,0.3891,True
277,4,0.25,0.18410833333333335,0.14503878916455018,0.3543,True
308,3,0.3333333333333333,0.27623333333333333,0.09726737540841009,0.2745,True
309,3,0.16666666666666666,0.226275,0.0798865840072526,0.25210000000000005,True
320,4,0.0,0.16440000000000002,0.0858571361395601,0.6295,True
328,4,0.4166666666666667,0.319425,0.11726131075508238,0.24660000000000004,True
340,3,0.25,0.23885416666666667,0.15230551955274596,0.2824,True
347,4,0.0,0.14902083333333335,0.06790152703134449,0.29719999999999996,True
349,4,0.20833333333333334,0.21889166666666668,0.09593840377471674,0.27570000000000006,True
365,4,0.041666666666666664,0.18399583333333333,0.08904577464362956,0.4988000000000001,True
375,4,0.16666666666666666,0.178175,0.1791248999514269,0.6890000000000001,True
380,4,0.08333333333333333,0.16025416666666667,0.09575618031668023,0.49280000000000007,True
385,4,0.041666666666666664,0.16071666666666667,0.09780968506622248,0.5709,True
415,4,0.25,0.2205041666666667,0.12575037895756427,0.49770000000000003,True
418,4,0.0,0.1961291666666667,0.057632836950193035,0.24430000000000007,True
419,4,0.16666666666666666,0.22688333333333335,0.0862136005948959,0.43979999999999997,True
455,4,0.0,0.17565,0.043492628060996436,0.26699999999999996,True
456,4,0.0,0.1729875,0.06977663314182404,0.38210000000000005,True
459,4,0.25,0.32769166666666666,0.15998906189966938,0.4945,True
464,4,0.0,0.06826666666666667,0.08329293861539767,0.4919,True
490,3,0.0,0.1459541666666667,0.060922823446280513,0.3274000000000001,True
503,4,0.20833333333333334,0.20039583333333336,0.1812349099665396,0.5645,True
504,4,0.041666666666666664,0.17197916666666668,0.06526178040694308,0.4875,True
505,4,0.20833333333333334,0.2783,0.07506243777827488,0.29000000000000004,True
525,4,0.08333333333333333,0.20575833333333335,0.06871112128619207,0.25259999999999994,True
531,4,0.041666666666666664,0.12960833333333335,0.08254622376566366,0.5989,True
535,4,0.0,0.185125,0.09495789570394735,0.47780000000000006,True
538,4,0.20833333333333334,0.24598333333333333,0.13441022756978843,0.45470000000000005,True
548,4,0.2916666666666667,0.27442916666666667,0.09899367339981079,0.24140000000000006,True
560,4,0.4166666666666667,0.3236291666666667,0.15167386487536963,0.3448,True
564,4,0.9166666666666666,0.5335583333333334,0.10769883095189936,0.3561,True
572,4,0.08333333333333333,0.1383,0.0875233335347979,0.49139999999999995,True
586,4,0.2916666666666667,0.28229166666666666,0.09099537932208984,0.27230000000000004,True
594,4,0.20833333333333334,0.2479,0.15699761006211968,0.5206,True
595,4,0.16666666666666666,0.2423375,0.09994320479543675,0.2595,True
606,4,0.041666666666666664,0.14851250000000002,0.0879885383469619,0.6100000000000001,True
611,4,0.20833333333333334,0.22948750000000004,0.08256675461341148,0.3097,True
618,4,0.0,0.13192916666666668,0.07183195655057752,0.4577,True
633,4,0.0,0.0687,0.05209409546780418,0.5690999999999999,True
639,4,0.0,0.11782500000000001,0.07239179181191147,0.4870000000000001,True
670,4,0.125,0.25105833333333333,0.06881163903488033,0.28840000000000005,True
675,3,0.25,0.24352500000000002,0.14277376220410054,0.26280000000000003,True
699,4,0.20833333333333334,0.21233333333333335,0.13400574830845932,0.565,True
701,3,0.3333333333333333,0.28789166666666666,0.13006907167269666,0.31920000000000004,True
712,3,0.2916666666666667,0.2469125,0.09759074400381111,0.26189999999999997,True
727,4,0.0,0.028004166666666667,0.028029308871199476,0.32719999999999994,True
739,3,0.4166666666666667,0.2846458333333333,0.10258173402607845,0.21780000000000005,True
746,4,0.20833333333333334,0.2178875,0.12787212128597036,0.6108,True
756,4,0.08333333333333333,0.1874875,0.08910412234888586,0.32580000000000003,True
779,3,0.041666666666666664,0.19395416666666668,0.06884682417712064,0.1901,True
780,4,0.125,0.17664166666666667,0.1587155478991505,0.5944,True
796,4,0.0,0.13294166666666665,0.07054455216797191,0.47740000000000005,True
802,4,0.041666666666666664,0.17250416666666668,0.09056152114622879,0.4467,True
812,4,0.16666666666666666,0.21899166666666667,0.11345924346449802,0.25420000000000004,True
818,4,0.0,0.15056666666666668,0.0820778456931174,0.4073,True
826,4,0.0,0.01642916666666667,0.031311235365998065,0.3558,True
866,3,0.0,0.11457083333333334,0.04167139023950069,0.1638,True
869,3,0.2916666666666667,0.2606125,0.08207016252016903,0.1714,True
875,4,0.0,0.18103333333333335,0.07239768592666641,0.32170000000000004,True
876,4,0.0,0.07949166666666667,0.09232693759568278,0.4849,True
901,3,0.0,0.14920416666666667,0.06389884995336237,0.3474,True
908,4,0.16666666666666666,0.23283333333333334,0.0966835882240831,0.42000000000000004,True
915,4,0.0,0.18072500000000002,0.055260271522094895,0.49380000000000007,True
929,4,0.0,0.11445416666666668,0.08452384782680729,0.49790000000000006,True
933,4,0.125,0.1783125,0.10964918886870627,0.6733,True
955,4,0.08333333333333333,0.1904875,0.08569449433129092,0.5231,True
966,4,0.125,0.20364583333333333,0.16836909501389233,0.5888,True
971,4,0.25,0.25547916666666665,0.2132358828176311,0.5939000000000001,True
973,4,0.08333333333333333,0.2506916666666667,0.0642804650605905,0.3465,True
977,4,0.08333333333333333,0.16295,0.12031423349965163,0.6463,True
982,4,0.0,0.09530416666666668,0.05753170376762534,0.4897,True
983,4,0.0,0.09700416666666667,0.10568579962678819,0.5795000000000001,True
985,4,0.0,0.15718333333333334,0.07492521295419777,0.4334,True
987,4,0.16666666666666666,0.18775,0.12549662735811218,0.5680000000000001,True
988,4,0.125,0.19872083333333335,0.06607131837884606,0.19560000000000005,True
1007,4,0.0,0.17077083333333334,0.07544206806588731,0.5926,True
1011,4,0.0,0.08210833333333334,0.04343291595559521,0.5077,True
1022,4,0.5,0.3275666666666667,0.08507751282451667,0.3147,True
1029,4,0.20833333333333334,0.23792083333333336,0.1330853860567871,0.4053999999999999,True
1039,4,0.5,0.36756666666666665,0.1357140941918666,0.273,True
1058,4,0.16666666666666666,0.23397083333333335,0.0795039975979697,0.17770000000000002,True
1066,4,0.0,0.11752083333333334,0.05714501750251127,0.18390000000000006,True
1114,4,0.0,0.05022083333333333,0.031209432509038543,0.4357,True
1150,4,0.041666666666666664,0.1646291666666667,0.07434589827676917,0.30829999999999996,True
1173,4,0.16666666666666666,0.1929375,0.11549563821050636,0.25240000000000007,True
1206,4,0.4166666666666667,0.2786416666666667,0.08645863507892168,0.23259999999999997,True
1210,4,0.25,0.20329166666666668,0.145917722250132,0.5163,True
1221,4,0.3333333333333333,0.2663875,0.10213033579270382,0.24620000000000003,True
1236,4,0.125,0.19730833333333334,0.10019445405404635,0.4949,True
1237,3,0.08333333333333333,0.19421666666666668,0.06659916220041437,0.1724,True
1239,3,0.3333333333333333,0.27969166666666667,0.21970760196752145,0.4421,True
1253,4,0.16666666666666666,0.2071125,0.12230998861588285,0.36530000000000007,True
1256,4,0.20833333333333334,0.2687291666666667,0.07853338519750508,0.3161,True
1264,4,0.7083333333333334,0.44202083333333336,0.1504352438445849,0.4363,True
1271,4,0.16666666666666666,0.19672916666666665,0.1276199094429701,0.5037,True
1274,4,0.0,0.07470416666666667,0.06235512934632645,0.5309,True
1294,4,0.16666666666666666,0.2795666666666667,0.10203873802615855,0.3813,True
1305,4,0.125,0.18768333333333334,0.08831211776946318,0.2964,True
1311,4,0.25,0.272175,0.06919873867913061,0.2571,True
1339,3,0.16666666666666666,0.24244166666666667,0.07841539842495816,0.2563,True
1342,4,0.0,0.11669166666666668,0.065633573836054,0.5319,True
1376,4,0.0,0.1149,0.042407608013083034,0.3335,True
1381,4,0.0,0.05253333333333334,0.04340724911074553,0.3428,True
1387,4,0.5416666666666666,0.36628333333333335,0.10948904915131,0.2193,True
1394,4,0.041666666666666664,0.10240833333333334,0.06417664424591446,0.5010000000000001,True
1417,4,0.0,0.13315000000000002,0.06449498800884353,0.45770000000000005,True
1420,4,0.041666666666666664,0.220625,0.052028965594844996,0.16820000000000002,True
1429,4,0.0,0.16772083333333335,0.06268613312553172,0.2826000000000001,True
1447,4,0.0,0.08283750000000001,0.04153660316123495,0.40399999999999997,True
1448,4,0.0,0.11390833333333333,0.0682747003665701,0.4888,True
1456,4,0.0,0.17012083333333336,0.06253954560510296,0.38470000000000004,True
1485,4,0.0,0.1660625,0.04738176876045855,0.4146,True
1492,4,0.20833333333333334,0.23767083333333336,0.10682865386323973,0.30110000000000003,True
1502,4,0.041666666666666664,0.18961666666666668,0.08491320205985622,0.2066,True
1519,3,0.2916666666666667,0.31074583333333333,0.14783543429793133,0.27280000000000004,True
1523,4,0.08333333333333333,0.1368625,0.08216606097463208,0.45039999999999997,True
1528,4,0.3333333333333333,0.29667916666666666,0.21384910767045368,0.4756,True
1529,4,0.125,0.15830833333333333,0.08661588827374152,0.4267,True
1541,4,0.2916666666666667,0.26432916666666667,0.12592594607517363,0.4323,True
1564,4,0.125,0.25877916666666667,0.1286641025547992,0.3604,True
1579,4,0.0,0.006979166666666667,0.009397315951985934,0.07350000000000001,True
1580,4,0.0,0.11472083333333334,0.044663904102867504,0.35350000000000004,True
1607,4,0.041666666666666664,0.19780416666666667,0.07363775897663812,0.2612,True
1610,4,0.0,0.061920833333333335,0.03901998349972538,0.38539999999999996,True
1612,4,0.0,0.1333,0.12003987381011287,0.5923,True
1631,4,0.0,0.0569,0.05547671662018691,0.3887999999999999,True
1632,4,0.0,0.0618375,0.06475834552563392,0.591,True
1641,4,0.0,0.10544583333333334,0.10094548670560703,0.5624,True
1647,4,0.041666666666666664,0.11957916666666668,0.0890108346075703,0.5572000000000001,True
1649,4,0.0,0.18569166666666667,0.07896136598894793,0.2695,True
1678,4,0.0,0.12581250000000002,0.08155609599213451,0.5227,True
1703,4,0.16666666666666666,0.23720833333333335,0.09784282834204566,0.4607,True
1708,4,0.4166666666666667,0.2887416666666667,0.09637678286476634,0.1885,True
1744,4,0.0,0.13662083333333333,0.043207748692814914,0.24930000000000002,True
1758,4,0.08333333333333333,0.23122083333333335,0.06428398934596301,0.25590000000000007,True
1764,4,0.5416666666666666,0.44388333333333335,0.14496354164339773,0.36639999999999995,True
1765,4,0.4166666666666667,0.28563333333333335,0.12369677745852228,0.4719,True
1766,3,0.2916666666666667,0.2344875,0.1684645422956106,0.46290000000000003,True
1799,4,0.041666666666666664,0.20773750000000002,0.06912212137256407,0.34230000000000005,True
1817,4,0.0,0.08337916666666667,0.07562187387238573,0.5718000000000001,True
1831,3,0.4166666666666667,0.27439166666666664,0.09366581630951357,0.2046,True
1850,4,0.0,0.08243333333333334,0.06394555202035876,0.42440000000000005,True
1879,4,0.0,0.09388333333333333,0.06670455083012909,0.4497,True
1881,4,0.0,0.08119583333333334,0.045939009464503154,0.441,True
1904,3,0.2916666666666667,0.27468750000000003,0.11028790115558618,0.2151,True
1909,4,0.0,0.026158333333333336,0.05484222363064451,0.5025999999999999,True
1922,4,0.0,0.026058333333333336,0.015824854327694572,0.20510000000000006,True
1925,4,0.0,0.14879166666666668,0.04870469057552846,0.24450000000000005,True
1927,4,0.0,0.049870833333333336,0.03713484803262021,0.3104,True
1933,4,0.0,0.12082916666666667,0.09143320431576965,0.5401,True
1936,4,0.0,0.0028333333333333335,0.005665046656753006,0.06589999999999996,True
1967,4,0.5,0.3026625,0.11687426470356936,0.38160000000000005,True
1988,4,0.16666666666666666,0.19759583333333333,0.06575251675901789,0.12979999999999997,True
1995,4,0.0,0.029820833333333335,0.03068244051240223,0.6118000000000001,True
2005,4,0.0,0.050037500000000006,0.054423874336784285,0.6185,True
2019,4,0.08333333333333333,0.15345833333333334,0.11504590356695119,0.26600000000000007,True
2026,4,0.0,0.1963125,0.08133846254466848,0.5058,True
2036,3,0.125,0.2071791666666667,0.0859522667286739,0.16690000000000005,True
2042,4,0.16666666666666666,0.22536250000000002,0.13851191382599234,0.3356,True
2046,4,0.0,0.12942916666666668,0.04553307903307093,0.39609999999999995,True
2059,4,0.08333333333333333,0.17552083333333335,0.09607395692525299,0.3801,True
2099,4,0.2916666666666667,0.34825,0.1145897787383515,0.23059999999999997,True
2113,3,0.3333333333333333,0.300725,0.18431030840028645,0.3913000000000001,True
2121,4,0.16666666666666666,0.26227083333333334,0.06940583535902482,0.31980000000000003,True
2147,4,0.0,0.01802916666666667,0.020819753980225165,0.5493000000000001,True
2154,4,0.041666666666666664,0.13917916666666666,0.09755190805152278,0.6329,True
2162,4,0.375,0.3610666666666667,0.13539416102838303,0.3348,True
2163,4,0.16666666666666666,0.23059166666666667,0.1578624715615977,0.5471000000000001,True
2166,4,0.0,0.16322083333333334,0.07093037602292564,0.46260000000000007,True
2177,4,0.0,0.06196666666666667,0.052953882040775876,0.5062,True
2226,4,0.3333333333333333,0.24759583333333335,0.07508617935219601,0.2737,True
2228,4,0.3333333333333333,0.3234791666666667,0.14214302343878452,0.5021,True
2268,4,0.08333333333333333,0.16335833333333336,0.08881089786569071,0.37629999999999997,True
2271,4,0.0,0.047675,0.04085558074805533,0.24629999999999996,True
2273,4,0.0,0.05155833333333334,0.061628740589652384,0.36129999999999995,True
2282,4,0.0,0.15250833333333333,0.07102209647993923,0.5269,True
2290,3,0.20833333333333334,0.24415416666666667,0.1280966957424934,0.3075,True
2294,4,0.0,0.15223333333333333,0.08922854225875927,0.6148,True
2302,4,0.375,0.32497916666666665,0.2822340933695731,0.6409,True
2315,4,0.08333333333333333,0.15149583333333336,0.08399054024977622,0.44730000000000003,True
2331,4,0.25,0.2799375,0.05661200373941294,0.22040000000000004,True
2352,4,0.875,0.4725041666666667,0.1287876428016516,0.41619999999999996,True
2388,4,0.4583333333333333,0.35781666666666667,0.152334159766889,0.3833000000000001,True
2391,4,0.0,0.06984583333333334,0.07712622617821226,0.5665,True
2411,4,0.16666666666666666,0.25195833333333334,0.07567575521616043,0.19940000000000002,True
2414,4,0.75,0.42321666666666663,0.14937673605807003,0.4268,True
2422,4,0.25,0.23264166666666666,0.13891122569176476,0.5063,True
2429,4,0.0,0.12662916666666665,0.052868141793207236,0.3225,True
2442,4,0.08333333333333333,0.20655833333333332,0.07904659009594975,0.3722,True
2445,4,0.4583333333333333,0.30922083333333333,0.19324179487427634,0.5162,True
2453,4,0.0,0.11491250000000001,0.061350612572683254,0.6189,True
2454,4,0.041666666666666664,0.1744625,0.061498906405971436,0.3682,True
2469,4,0.3333333333333333,0.28374583333333336,0.1218546210758387,0.26720000000000005,True
2476,4,0.0,0.0118375,0.01599246595717197,0.17120000000000002,True
2477,4,0.08333333333333333,0.24604583333333332,0.09621005542297932,0.3551,True
2478,4,0.08333333333333333,0.21962083333333335,0.11265595558917488,0.40040000000000003,True
2516,4,0.0,0.13812916666666666,0.057568865975543976,0.45249999999999996,True
2518,4,0.4166666666666667,0.32590833333333336,0.11802562329266976,0.3071,True
2524,3,0.16666666666666666,0.21657916666666668,0.11456250991286909,0.47529999999999994,True
2539,4,0.0,0.011495833333333335,0.014949988488192942,0.12669999999999992,True
2558,4,0.041666666666666664,0.19246666666666667,0.10381882072260253,0.4034,True
2561,3,0.3333333333333333,0.29192083333333335,0.07693799298456357,0.174,True
2564,4,0.2916666666666667,0.29183333333333333,0.16946050114783495,0.49280000000000007,True
2578,4,0.0,0.11553333333333334,0.06574332610642872,0.45599999999999996,True
2593,4,0.041666666666666664,0.11650833333333334,0.11702483911979752,0.5872,True
2598,3,0.25,0.26045,0.09138947708428542,0.22199999999999998,True
2605,4,0.0,0.158725,0.049583423334469544,0.3688,True
2608,4,0.0,0.05022083333333333,0.05503330990659532,0.42469999999999997,True
2619,3,0.3333333333333333,0.29383750000000003,0.11822995578808349,0.35520000000000007,True
2624,4,0.0,0.10986250000000002,0.06738790894321572,0.4552,True
2634,4,0.4583333333333333,0.326625,0.14655693729593705,0.40719999999999995,True
2635,4,0.25,0.24744583333333334,0.09025594032800698,0.28590000000000004,True
2636,4,0.041666666666666664,0.1326166666666667,0.08632093638261239,0.22899999999999998,True
2638,3,0.16666666666666666,0.16576666666666667,0.13579547173940498,0.4679,True
2650,4,0.125,0.24025416666666669,0.07264208254033677,0.18710000000000004,True
2660,4,0.0,0.1940166666666667,0.05489451280621665,0.38170000000000004,True
2661,4,0.0,0.16893333333333335,0.07871737925707036,0.4824,True
2673,4,0.20833333333333334,0.22809166666666666,0.06817131818579135,0.282,True
2688,4,0.0,0.05652083333333333,0.05065559739161556,0.5755,True
2691,3,0.5416666666666666,0.3255791666666667,0.11769976904844788,0.19579999999999997,True
2697,3,0.20833333333333334,0.2761,0.16666888810113772,0.5195,True
2706,4,0.25,0.25242083333333337,0.08689762081681632,0.28729999999999994,True
2710,4,0.041666666666666664,0.13339166666666666,0.0741322256785669,0.43440000000000006,True
2714,4,0.0,0.20022916666666668,0.03729325010807169,0.21349999999999997,True
2722,4,0.125,0.22427916666666667,0.06728722327951026,0.3945000000000001,True
2729,4,0.0,0.08439583333333334,0.08215239010080817,0.39880000000000004,True
2730,4,0.0,0.0669625,0.08532004613066692,0.6501,True
2738,3,0.3333333333333333,0.27634583333333335,0.1053059681993656,0.40459999999999996,True
2748,4,0.0,0.053170833333333334,0.03377455279743415,0.5679000000000001,True
2767,4,0.3333333333333333,0.271025,0.09547343017596688,0.2837,True
2796,3,0.25,0.24917083333333334,0.10808965070986082,0.21190000000000003,True
2804,4,0.0,0.16028333333333333,0.08245017819300315,0.2748,True
2809,3,0.4166666666666667,0.30544583333333336,0.13064010296851114,0.22539999999999993,True
2815,4,0.0,0.12260416666666668,0.06641135627852832,0.3148,True
2821,4,0.041666666666666664,0.118525,0.1054190860122216,0.5949,True
2828,4,0.25,0.2684375,0.0766886410300996,0.20879999999999999,True
2850,3,0.2916666666666667,0.2764416666666667,0.09591212425814653,0.2404,True
2859,4,0.4583333333333333,0.264325,0.12146249823818407,0.32160000000000005,True
2887,4,0.0,0.13222916666666668,0.06604149209047469,0.498,True
2914,4,0.0,0.11612499999999999,0.06856726465747846,0.47939999999999994,True
2930,4,0.0,0.0007125,0.0028661916104521148,0.015799999999999925,True
2942,3,0.375,0.3091041666666667,0.13154939386163025,0.309,True
2962,4,0.0,0.13530416666666667,0.05845828300120758,0.32189999999999996,True
2965,4,0.0,0.06011666666666667,0.028351407704743335,0.2693,True
2966,4,0.0,0.12875833333333334,0.05162332567379971,0.466,True
2996,4,0.08333333333333333,0.21003750000000002,0.08670447464758117,0.32269999999999993,True
2997,4,0.08333333333333333,0.1264375,0.08996857815008431,0.49390000000000006,True
3002,4,0.0,0.12595833333333334,0.07547898594205264,0.4855,True
3006,4,0.041666666666666664,0.09761666666666667,0.08910533906155883,0.5066,True
3009,4,0.0,0.05471666666666667,0.07237579265416609,0.49239999999999995,True
3027,3,0.08333333333333333,0.17396666666666669,0.09523907522270134,0.41290000000000004,True
3036,4,0.0,0.06087916666666667,0.06127643691513479,0.5438000000000001,True
3064,3,0.0,0.19087500000000002,0.06233772149941903,0.194,True
3072,3,0.16666666666666666,0.17511666666666667,0.09922409273815583,0.506,True
3108,4,0.16666666666666666,0.184975,0.18807624090061018,0.6283,True
3116,4,0.0,0.0172625,0.02503077779367876,0.19410000000000005,True
3120,3,0.041666666666666664,0.1657125,0.11347262957666698,0.39099999999999996,True
3129,4,0.0,0.03409583333333333,0.050201225337259646,0.42010000000000003,True
3156,3,0.041666666666666664,0.12833750000000002,0.11182419358859302,0.44350000000000006,True
3161,4,0.2916666666666667,0.27295416666666666,0.1663333478006732,0.5343,True
3190,4,0.041666666666666664,0.23933333333333331,0.055892425143357266,0.26000000000000006,True
3197,4,0.2916666666666667,0.3029,0.13344907838474995,0.38650000000000007,True
3198,3,0.25,0.2682125,0.10093757999054578,0.2551,True
3213,4,0.16666666666666666,0.19277083333333334,0.10422926017935766,0.685,True
3217,4,0.3333333333333333,0.3175875,0.09520415734665663,0.2878,True
3222,3,0.25,0.21735833333333335,0.10105301198818399,0.2277,True
3227,4,0.125,0.19262500000000002,0.13929427170718395,0.4885,True
3231,3,0.0,0.05532916666666667,0.057164411847617724,0.5711999999999999,True
3240,4,0.3333333333333333,0.283025,0.16038496148194573,0.3572,True
3243,4,0.16666666666666666,0.19775,0.14012822078678358,0.26730000000000004,True
3244,4,0.125,0.20833333333333334,0.10600414129181225,0.3387,True
3247,4,0.2916666666666667,0.24634583333333335,0.08989998780851428,0.27680000000000005,True
3258,4,0.3333333333333333,0.3441666666666667,0.22002075330308718,0.5236000000000001,True
3265,3,0.4583333333333333,0.3096125,0.08561072318298125,0.19330000000000003,True
3267,4,0.08333333333333333,0.11109583333333334,0.134325401395808,0.6523,True
3268,4,0.041666666666666664,0.1794625,0.09380506991258176,0.375,True
3276,4,0.125,0.11182083333333333,0.17019475284193558,0.6073000000000001,True
3279,3,0.4166666666666667,0.2642583333333333,0.10728441240426094,0.24900000000000005,True
3286,3,0.041666666666666664,0.15123333333333333,0.07403352746158863,0.28450000000000003,True
3294,4,0.20833333333333334,0.2207416666666667,0.08994286552012347,0.17149999999999999,True
3304,4,0.0,0.06214166666666667,0.055126817561807005,0.4323,True
3315,4,0.125,0.24103333333333335,0.07929212180103484,0.43700000000000006,True
3316,4,0.5416666666666666,0.39469166666666666,0.1327074452112343,0.31499999999999995,True
3329,3,0.20833333333333334,0.26296250000000004,0.13396459237749941,0.45230000000000004,True
3334,4,0.0,0.07412500000000001,0.07098414550477788,0.41659999999999997,True
3372,4,0.0,0.12966249999999999,0.10172971782684957,0.3768,True
3376,4,0.4166666666666667,0.2958541666666667,0.10711560994984594,0.23350000000000004,True
3391,4,0.20833333333333334,0.20547916666666666,0.11906253738254956,0.4706,True
3396,4,0.0,0.10410416666666666,0.07074910648793087,0.6285000000000001,True
3401,4,0.0,0.02325416666666667,0.02467292089239373,0.2783,True
3402,4,0.0,0.03515833333333334,0.07096870661665311,0.6058,True
3405,4,0.0,0.12327500000000001,0.09737984011523929,0.4253,True
3406,4,0.0,0.051220833333333333,0.05055387121603583,0.26869999999999994,True
3409,3,0.125,0.1632625,0.11658628009556589,0.5594000000000001,True
3410,4,0.041666666666666664,0.14347083333333335,0.11026335462513558,0.4262,True
3417,4,0.2916666666666667,0.26115,0.13920663402482564,0.36690000000000006,True
3424,4,0.16666666666666666,0.2099375,0.13187103651575327,0.37170000000000003,True
3441,4,0.125,0.21247916666666666,0.14673710884544114,0.49369999999999997,True
3442,4,0.0,0.08102916666666667,0.07579592440096698,0.4727,True
3443,3,0.0,0.160025,0.04545861232794737,0.316,True
3445,4,0.0,0.021612500000000003,0.016220687609399893,0.13250000000000006,True
3462,4,0.0,0.0413625,0.04508645619927005,0.2108,True
3470,4,0.041666666666666664,0.062179166666666674,0.11599759734830593,0.44499999999999995,True
3483,4,0.125,0.19946666666666668,0.12460582604380091,0.6645000000000001,True
3490,4,0.08333333333333333,0.095925,0.1189464960099434,0.6458999999999999,True
3492,3,0.3333333333333333,0.3069916666666667,0.3449837814923386,0.5815,True
3513,4,0.125,0.17437916666666667,0.1345260633521047,0.5066,True
3517,4,0.20833333333333334,0.2619291666666667,0.09273617782470998,0.41370000000000007,True
3520,3,0.125,0.20413333333333336,0.10306063081113177,0.3441000000000001,True
3534,4,0.20833333333333334,0.21554583333333335,0.14425907545610184,0.5859,True
3535,3,0.5833333333333334,0.36800000000000005,0.12180117440713176,0.3137,True
3558,4,0.5833333333333334,0.3715541666666667,0.1253672794811021,0.33890000000000003,True
3560,4,0.20833333333333334,0.25803333333333334,0.10610185699586513,0.3844,True
3566,4,0.5,0.33497916666666666,0.12687449800000639,0.2523,True
3580,4,0.16666666666666666,0.22230833333333333,0.13200380731224207,0.5307999999999999,True
3585,3,0.125,0.19145,0.11533406299509492,0.4042,True
3594,4,0.0,0.18295833333333333,0.07378173402246874,0.36889999999999995,True
3611,4,0.5,0.33566250000000003,0.08218950431512054,0.22920000000000001,True
3615,4,0.041666666666666664,0.13105833333333333,0.10612258259311204,0.6333,True
3670,4,0.125,0.14141666666666666,0.18197961344652025,0.47050000000000003,True
3672,3,0.5833333333333334,0.37135416666666665,0.15740913453182434,0.43110000000000004,True
3676,3,0.20833333333333334,0.19565000000000002,0.10003740170121592,0.25930000000000003,True
3677,4,0.041666666666666664,0.14265,0.0993744915218055,0.56,True
3687,4,0.0,0.12250833333333333,0.0681168938801826,0.5921000000000001,True
3709,4,0.0,0.13232916666666666,0.04290318199577181,0.23820000000000008,True
3723,4,0.041666666666666664,0.15804583333333336,0.10735012192604271,0.5813999999999999,True
3732,4,0.0,0.08286666666666667,0.04553436988231758,0.3456,True
3752,4,0.125,0.20589583333333336,0.06353356852648957,0.2791,True
3753,4,0.08333333333333333,0.11946250000000001,0.14464268361694982,0.5303,True
3761,4,0.0,0.0031708333333333332,0.004939853823454845,0.042300000000000004,True
3766,4,0.0,0.10798333333333333,0.0728338112278289,0.45170000000000005,True
3793,4,0.0,0.09151666666666668,0.04770072159390998,0.4677,True
3804,4,0.125,0.1399041666666667,0.10881845463358032,0.6253,True
3820,3,0.375,0.27510833333333334,0.1299237499347269,0.32239999999999996,True
3827,4,0.25,0.26653333333333334,0.08435721492643607,0.17830000000000001,True
3830,4,0.0,0.035800000000000005,0.025994046141041775,0.30469999999999997,True
3841,4,0.4166666666666667,0.3588,0.18730238745895922,0.4624000000000001,True
3852,4,0.20833333333333334,0.2543666666666667,0.09261261847852739,0.3336,True
3865,4,0.0,0.07015,0.06311651062157571,0.34009999999999996,True
3877,4,0.0,0.1404041666666667,0.08289673240094342,0.5444,True
3880,4,0.16666666666666666,0.15445,0.24532237530662987,0.5046,True
3909,4,0.041666666666666664,0.14584166666666668,0.08281192896986608,0.36729999999999996,True
3913,4,0.4166666666666667,0.3166125,0.18131578821037023,0.4206,True
3918,4,0.0,0.03905416666666667,0.036469522465211686,0.3212999999999999,True
3922,4,0.16666666666666666,0.23976250000000002,0.08837067589814879,0.21820000000000006,True
3952,4,0.0,0.1447125,0.0893604100283497,0.5493,True
3953,4,0.125,0.21096666666666666,0.07139439550934604,0.2712,True
3954,4,0.3333333333333333,0.3384958333333334,0.15789850476800285,0.4800000000000001,True
3967,3,0.041666666666666664,0.17772500000000002,0.07443600256771497,0.45740000000000003,True
3984,4,0.2916666666666667,0.3151291666666667,0.1223285862967537,0.3099,True
3989,4,0.0,0.18527916666666666,0.11221045823988866,0.44600000000000006,True
4010,4,0.125,0.2279125,0.07538900457539922,0.31970000000000004,True
4013,4,0.25,0.261375,0.07369557387452555,0.1941,True
4014,4,0.0,0.1940375,0.039887590011888685,0.41030000000000005,True
4021,4,0.0,0.12635,0.09677691064909341,0.5337000000000001,True
4022,4,0.0,0.07955833333333333,0.04984556076057558,0.2682000000000001,True
4033,4,0.041666666666666664,0.1039125,0.06215766987197192,0.17880000000000007,True
4043,4,0.2916666666666667,0.2984375,0.11849413418796952,0.22809999999999997,True
4093,4,0.041666666666666664,0.19382083333333333,0.12701729419792535,0.461,True
4116,4,0.125,0.22406666666666666,0.08518763773687121,0.24960000000000004,True
4119,4,0.25,0.23775416666666668,0.0843961671248305,0.22490000000000004,True
4147,4,0.0,0.06604166666666667,0.029944861164228627,0.22039999999999993,True
4148,3,0.041666666666666664,0.1858875,0.0783585144925442,0.25349999999999995,True
4163,4,0.041666666666666664,0.15125833333333336,0.0978283141936475,0.39970000000000006,True
4169,4,0.0,0.06218750000000001,0.06014364191702626,0.4304,True
4178,4,0.625,0.34166666666666673,0.07441352534064752,0.27620000000000006,True
4189,4,0.16666666666666666,0.22467499999999999,0.10179648601605752,0.21950000000000003,True
4193,4,0.375,0.32245,0.19072751334777605,0.4236,True
4202,3,0.2916666666666667,0.2686625,0.16012192042994586,0.23249999999999998,True
4210,4,0.0,0.028470833333333334,0.03171251952979353,0.42680000000000007,True
4213,4,0.25,0.24193750000000003,0.07664942106761145,0.24320000000000003,True
4221,3,0.041666666666666664,0.1811541666666667,0.056672123192107855,0.23700000000000004,True
4227,4,0.3333333333333333,0.24592083333333334,0.09686949526202168,0.30210000000000004,True
4229,3,0.5,0.3697875,0.1328111254916087,0.3829000000000001,True
4233,4,0.4166666666666667,0.30007500000000004,0.12737770690898506,0.2834,True
4236,4,0.0,0.15711250000000002,0.0594450883808637,0.2692,True
4250,4,0.0,0.08057500000000001,0.0377687615341844,0.5751999999999999,True
4277,3,0.08333333333333333,0.16302083333333334,0.09655360745367747,0.5166,True
4327,4,0.2916666666666667,0.2933666666666667,0.1208755618364414,0.26080000000000003,True
4334,4,0.041666666666666664,0.16082500000000002,0.09447535335368874,0.45270000000000005,True
4339,4,0.0,0.06710833333333334,0.076921529279303,0.5635,True
4348,3,0.16666666666666666,0.2152666666666667,0.10204751095814941,0.24389999999999995,True
4351,4,0.20833333333333334,0.236275,0.059590065191818815,0.1296,True
4362,4,0.16666666666666666,0.2644625,0.0995921064293927,0.3486,True
4389,4,0.0,0.049275000000000006,0.04085472938404412,0.39770000000000005,True
4391,4,0.0,0.14734166666666668,0.07493983625529893,0.38780000000000003,True
4392,4,0.0,0.05545833333333333,0.06012084870721108,0.5881000000000001,True
4403,4,0.08333333333333333,0.20438750000000003,0.14001341337140896,0.5133000000000001,True
4405,4,0.0,0.11008333333333332,0.09114629743567143,0.42989999999999995,True
4418,4,0.0,0.0693125,0.027613013826974696,0.4333,True
4421,4,0.0,0.06936666666666667,0.034918347820204115,0.3274,True
4429,4,0.0,0.10492916666666667,0.0971348971418286,0.4643,True
4430,4,0.0,0.010691666666666667,0.007711815703793457,0.09580000000000011,True
4433,4,0.0,0.15177916666666666,0.05630883766581728,0.4351,True
4441,3,0.2916666666666667,0.281025,0.10363269271808005,0.22970000000000002,True
4443,4,0.041666666666666664,0.17345833333333335,0.05178919575646497,0.5268,True
4453,4,0.0,0.147575,0.08633543909356263,0.5725,True
4458,4,0.08333333333333333,0.0924875,0.10167635487813452,0.7046000000000001,True
4467,4,0.041666666666666664,0.08339583333333334,0.1257864805038134,0.5836,True
4471,4,0.5416666666666666,0.35610416666666667,0.13713354481059273,0.3511,True
4475,4,0.041666666666666664,0.14650000000000002,0.08769496044218573,0.5730000000000001,True
4476,3,0.125,0.20967916666666667,0.15137638658874994,0.3895,True
4477,4,0.041666666666666664,0.16768750000000002,0.07176279957034783,0.29919999999999997,True
4488,4,0.0,0.19320416666666665,0.04398930185324872,0.17880000000000001,True
4493,3,0.20833333333333334,0.241725,0.1422609948375658,0.28690000000000004,True
4499,3,0.25,0.21906250000000002,0.1990544273668582,0.40490000000000004,True
4509,4,0.041666666666666664,0.21009166666666668,0.061534528424339104,0.20439999999999997,True
4517,4,0.125,0.2053125,0.11873207439074934,0.3897,True
4524,4,0.08333333333333333,0.15913333333333335,0.08209104524943588,0.343,True
4525,4,0.125,0.21983333333333333,0.1023819815442519,0.3358,True
4545,4,0.0,0.15436666666666668,0.05485301835987156,0.3682,True
4551,4,0.9583333333333334,0.5226541666666668,0.14715720661980825,0.5022,True
4552,4,0.041666666666666664,0.1961166666666667,0.07938428640188329,0.20769999999999994,True
4556,4,0.16666666666666666,0.1748875,0.20448515479762508,0.5894000000000001,True
4582,4,0.20833333333333334,0.2591875,0.11410057086508871,0.5035999999999999,True
4602,4,0.9166666666666666,0.42168333333333335,0.09347611490627442,0.30219999999999997,True
4633,3,0.20833333333333334,0.21423333333333336,0.11081330428155774,0.44120000000000004,True
4654,3,0.20833333333333334,0.20424166666666668,0.10180878887774682,0.5154000000000001,True
4666,4,0.0,0.039858333333333336,0.03461113061312562,0.3913000000000001,True
4675,4,0.0,0.118925,0.0750041810428795,0.5492,True
4682,4,0.041666666666666664,0.10723333333333335,0.09145285155735175,0.4445,True
4683,4,0.041666666666666664,0.13273333333333334,0.08612586172556427,0.55,True
4702,4,0.0,0.1613625,0.08109960495534516,0.5093000000000001,True
4722,4,0.125,0.20222500000000002,0.08225769291366164,0.32920000000000005,True
4737,4,0.375,0.255125,0.12866290046676912,0.25660000000000005,True
4750,3,0.0,0.11697500000000001,0.04795022101776148,0.31950000000000006,True
4778,4,0.0,0.09858333333333334,0.04835173362897691,0.40070000000000006,True
4819,4,0.041666666666666664,0.13139166666666666,0.08262990256015948,0.5288999999999999,True
4828,3,0.3333333333333333,0.2602625,0.1045369450502299,0.1593,True
4840,4,0.0,0.163525,0.07350430481330299,0.5421,True
4871,4,0.20833333333333334,0.22692500000000002,0.09421043166646997,0.2554,True
4880,3,0.2916666666666667,0.2698625,0.114671283742781,0.26349999999999996,True
4888,4,0.4166666666666667,0.27997916666666667,0.10727029241154315,0.2273,True
4889,4,0.0,0.0409,0.054467126104531687,0.46140000000000003,True
4895,4,0.20833333333333334,0.25091250000000004,0.05639556190139358,0.25930000000000003,True
4900,4,0.08333333333333333,0.10301666666666669,0.0975958109697367,0.6367,True
4910,4,0.375,0.32102083333333337,0.17015475814979286,0.4191,True
4916,4,0.0,0.1212625,0.07182526994153181,0.5441,True
4930,3,0.5,0.2910666666666667,0.0882115277227892,0.20010000000000006,True
4963,3,0.08333333333333333,0.17925000000000002,0.07246540403950491,0.22610000000000008,True
5003,4,0.16666666666666666,0.23000833333333334,0.05400748673275222,0.08909999999999996,True
5006,4,0.5416666666666666,0.3509166666666667,0.1481482209218823,0.3282,True
5051,4,0.0,0.09502500000000001,0.05541222004607633,0.4359,True
5052,3,0.0,0.17448333333333332,0.05080775930699072,0.3275,True
5053,4,0.125,0.298725,0.1373260615247996,0.33959999999999996,True
5072,3,0.16666666666666666,0.24079166666666665,0.05445654762937276,0.1916,True
5090,3,0.16666666666666666,0.22045833333333334,0.08448604163933862,0.3387,True
5108,4,0.125,0.1842041666666667,0.07474202286454427,0.2575,True
5110,4,0.08333333333333333,0.12645,0.11411027465837026,0.44939999999999997,True
5115,3,0.5833333333333334,0.44720000000000004,0.214402983025971,0.5021,True
5128,4,0.375,0.3009375,0.23749924084546864,0.5998000000000001,True
5142,4,0.041666666666666664,0.20285,0.06619360930666554,0.3237,True
5143,4,0.08333333333333333,0.13815416666666666,0.094895438929962,0.6159000000000001,True
5146,4,0.0,0.0035458333333333336,0.0037621662546379092,0.13650000000000007,True
5151,4,0.08333333333333333,0.17414583333333333,0.11997686001227818,0.39930000000000004,True
5162,4,0.0,0.052191666666666664,0.06526647662479179,0.6427,True
5173,3,0.08333333333333333,0.20337083333333336,0.09017862698274329,0.31220000000000003,True
5196,4,0.0,0.11905,0.07291472684790329,0.5386,True
5198,4,0.125,0.21524583333333336,0.10064378846107247,0.4457,True
5203,4,0.08333333333333333,0.18855,0.09287445476462346,0.2943,True
5221,4,0.0,0.128925,0.06444075303853852,0.5057,True
5224,4,0.4166666666666667,0.2800375,0.12885006727571593,0.28020000000000006,True
5237,4,0.125,0.22892083333333335,0.11994080416448435,0.49540000000000006,True
5238,4,0.08333333333333333,0.21080833333333335,0.13825851940624057,0.49870000000000003,True
5242,4,0.0,0.08147083333333334,0.05452604865460231,0.5576000000000001,True
5250,4,0.16666666666666666,0.21010833333333334,0.0806667752125273,0.33710000000000007,True
5252,4,0.08333333333333333,0.2259875,0.08513525970860826,0.4436,True
5253,4,0.125,0.2046625,0.1324796614825149,0.5318,True
5277,4,0.0,0.1794,0.07944966139419458,0.43970000000000004,True
5282,4,0.08333333333333333,0.14453333333333335,0.13288226782174242,0.4647,True
5295,4,0.20833333333333334,0.21790416666666668,0.06653166934146715,0.38470000000000004,True
5303,3,0.25,0.25735416666666666,0.09940293049291712,0.24779999999999996,True
5308,4,0.4583333333333333,0.3183,0.1016097093956983,0.3749,True
5316,4,0.0,0.20919583333333336,0.056007200462290456,0.28580000000000005,True
5319,4,0.20833333333333334,0.27610416666666665,0.13314606715662075,0.3688,True
5320,4,0.0,0.12758333333333335,0.07417142111450291,0.6151,True
5324,3,0.16666666666666666,0.20119583333333335,0.06395727160049676,0.186,True
5331,3,0.16666666666666666,0.211825,0.08876290475682713,0.3537,True
5345,4,0.4583333333333333,0.3468541666666667,0.13338798257312215,0.329,True
5357,4,0.08333333333333333,0.15816666666666668,0.1023166511446171,0.4085,True
5367,4,0.0,0.21130833333333335,0.04138018762084378,0.14120000000000005,True
5382,4,0.20833333333333334,0.257425,0.0797725857345906,0.4942,True
5401,3,0.041666666666666664,0.19947083333333335,0.06694891289935781,0.3576,True
5411,4,0.125,0.20470833333333335,0.10161602884801482,0.6885000000000001,True
5419,4,0.3333333333333333,0.23772916666666666,0.11649400984475616,0.40330000000000005,True
5423,4,0.2916666666666667,0.26085833333333336,0.10890906824010356,0.5136000000000001,True
5428,4,0.08333333333333333,0.2683166666666667,0.0970251857337396,0.5149,True
5433,4,0.0,0.1474375,0.06935152305465252,0.3966,True
5441,4,0.5833333333333334,0.3583875,0.12149235192425471,0.32510000000000006,True
5449,3,0.125,0.18365,0.10129783464787305,0.2705,True
5452,4,0.2916666666666667,0.23481666666666667,0.12658389438961254,0.1996,True
5459,4,0.08333333333333333,0.21809583333333335,0.11737298585266975,0.4625,True
5497,4,0.20833333333333334,0.22665416666666668,0.10115560969708208,0.18930000000000002,True
5502,4,0.041666666666666664,0.052095833333333334,0.10960308817914667,0.631,True
5510,4,0.0,0.13293750000000001,0.07097859942325543,0.4612,True
5518,4,0.125,0.21257083333333335,0.08499723002732994,0.325,True
5525,4,0.375,0.25877083333333334,0.045001106065311866,0.11549999999999999,True
5550,4,0.08333333333333333,0.19755833333333336,0.0938197296237133,0.4473000000000001,True
5563,4,0.125,0.19634166666666666,0.0698361306554676,0.3443,True
5591,3,0.5833333333333334,0.41500000000000004,0.20702052408228597,0.5696000000000001,True
5594,4,0.0,0.1259875,0.05831506116515401,0.44570000000000004,True
5607,4,0.08333333333333333,0.1121375,0.12038308350211946,0.6287,True
5612,3,0.25,0.2504625,0.06391523471177174,0.2081,True
5629,3,0.25,0.2426625,0.10200038283176241,0.17919999999999997,True
5636,4,0.08333333333333333,0.24559583333333335,0.056169429091746645,0.39080000000000004,True
5638,4,0.0,0.167525,0.0814137967690233,0.47970000000000007,True
5646,4,0.0,0.12962916666666666,0.0628233443122834,0.5313,True
5649,3,0.20833333333333334,0.2207,0.11721425569925543,0.4475,True
5667,3,0.5416666666666666,0.3725541666666667,0.19979031829954094,0.4348,True
5674,4,0.041666666666666664,0.177825,0.07475209608810457,0.38270000000000004,True
5691,4,0.125,0.20569583333333333,0.12171773290537083,0.494,True
5713,4,0.041666666666666664,0.17982916666666668,0.05112827414128768,0.24940000000000007,True
5730,4,0.125,0.2382,0.10609837108940968,0.3017,True
5784,4,0.16666666666666666,0.21102916666666668,0.08606131524607359,0.19329999999999997,True
5787,3,0.2916666666666667,0.236725,0.09171698553039458,0.17099999999999999,True
5788,3,0.16666666666666666,0.26262083333333336,0.16088544122845722,0.4791000000000001,True
5798,4,0.125,0.22054166666666666,0.1138975661711441,0.3067,True
5801,4,0.08333333333333333,0.1592125,0.09671114459632063,0.4591,True
5804,4,0.0,0.19923333333333335,0.08729478129063449,0.29780000000000006,True
5810,4,0.20833333333333334,0.26795416666666666,0.17088903589926335,0.3795,True
5812,4,0.75,0.4413833333333334,0.11283785468217376,0.33540000000000003,True
5826,4,0.0,0.12852083333333333,0.07065993255615646,0.5093000000000001,True
5828,4,0.041666666666666664,0.1749375,0.12707024354064275,0.5173000000000001,True
5847,4,0.041666666666666664,0.17576250000000002,0.08661055670418415,0.41770000000000007,True
5869,4,0.20833333333333334,0.23734166666666667,0.18098395777254536,0.47070000000000006,True
5876,4,0.0,0.15679583333333333,0.10425310121199677,0.4468,True
5903,4,0.08333333333333333,0.1735875,0.07636836536328946,0.3172,True
5913,4,0.16666666666666666,0.19364583333333332,0.09974743313322237,0.5158,True
5935,4,0.16666666666666666,0.19730833333333334,0.15201903461099198,0.5575,True
5962,3,0.375,0.3383041666666667,0.20353882757280034,0.33120000000000005,True
5973,3,0.08333333333333333,0.19522916666666668,0.08536258970424043,0.19470000000000004,True
5974,3,0.041666666666666664,0.17437083333333334,0.047636189012379954,0.17859999999999998,True
5975,4,0.0,0.16838750000000002,0.06013889223036664,0.46199999999999997,True
5982,3,0.25,0.22562083333333335,0.12503771945389874,0.2881,True
5993,4,0.0,0.15070416666666667,0.09854113455443551,0.6256,True
5999,4,0.0,0.18732916666666669,0.07905386429609199,0.42150000000000004,True
6001,4,0.041666666666666664,0.10131250000000001,0.07778142346959536,0.5762,True
6009,4,0.0,0.044325,0.030996370755299724,0.21009999999999995,True
6017,4,0.125,0.19092083333333335,0.09347726986751409,0.4372,True
6020,4,0.0,0.03590416666666667,0.0285583685925276,0.33130000000000004,True
6041,4,0.0,0.15095,0.08887422475660171,0.5621,True
6062,4,0.4166666666666667,0.2870125,0.15426829906959527,0.273,True
6065,3,0.3333333333333333,0.2587333333333333,0.1121215631693397,0.4146,True
6071,4,0.0,0.09210416666666667,0.07907966527587816,0.6263000000000001,True
6091,4,0.5833333333333334,0.46383750000000007,0.22186119987701675,0.6153000000000001,True
6109,4,0.08333333333333333,0.11741249999999999,0.10712400499258873,0.6182000000000001,True
6124,3,0.3333333333333333,0.28102916666666666,0.143531409921515,0.39100000000000007,True
6132,4,0.125,0.1356416666666667,0.12514646346917113,0.5843,True
6138,4,0.0,0.02961666666666667,0.019979503990593585,0.2469,True
6149,3,0.08333333333333333,0.16370416666666668,0.09919670611276965,0.3851,True
6160,4,0.041666666666666664,0.12425000000000001,0.11148358428583732,0.4984,True
6175,3,0.3333333333333333,0.2672625,0.15829484545564357,0.3091,True
6188,4,0.2916666666666667,0.22366666666666668,0.19123186396911332,0.6140000000000001,True
6199,3,0.25,0.27900833333333336,0.08890414435816799,0.19739999999999996,True
6219,4,0.3333333333333333,0.3083,0.07382499282233214,0.1608,True
6237,4,0.041666666666666664,0.15460000000000002,0.11010194090616364,0.38770000000000004,True
6238,4,0.041666666666666664,0.15696666666666667,0.11916959659922992,0.444,True
6242,4,0.375,0.35060416666666666,0.14003360925511593,0.43129999999999996,True
6255,3,0.08333333333333333,0.21293333333333334,0.10429332658907038,0.38920000000000005,True
6260,4,0.0,0.036741666666666666,0.04077115259663346,0.3778,True
6275,4,0.041666666666666664,0.16212083333333335,0.07447364855913899,0.2535,True
6277,4,0.041666666666666664,0.1701,0.07762846855654684,0.4254,True
6279,4,0.0,0.1237375,0.10300812890041844,0.5239,True
6282,4,0.0,0.11118750000000001,0.04398154071781756,0.33849999999999997,True
6315,4,0.0,0.102425,0.05043671238811804,0.35540000000000005,True
6319,4,0.5833333333333334,0.325575,0.10112048882827636,0.22749999999999998,True
6329,4,0.0,0.1529,0.06805486277868825,0.37220000000000003,True
6336,4,0.0,0.13820000000000002,0.04637241496369601,0.40430000000000005,True
6339,4,0.2916666666666667,0.26757916666666665,0.19158488634946189,0.6303000000000001,True
6343,4,0.16666666666666666,0.25272916666666667,0.2088409390133338,0.5448,True
6344,4,0.3333333333333333,0.2829,0.0995576564434988,0.23329999999999995,True
6347,4,0.0,0.11532500000000001,0.05544395721180396,0.4926000000000001,True
6352,4,0.25,0.2328875,0.16606956979190848,0.5729,True
6359,3,0.2916666666666667,0.26579583333333334,0.120148341207557,0.292,True
6393,3,0.125,0.22320416666666668,0.06712720228217382,0.28140000000000004,True
6400,4,0.0,0.16878333333333337,0.06252165306075388,0.27180000000000004,True
6408,4,0.041666666666666664,0.1775125,0.07174809382409615,0.27540000000000003,True
6417,4,0.08333333333333333,0.2107625,0.062427333843994695,0.357,True
6418,4,0.3333333333333333,0.2777041666666667,0.19600389853968114,0.38980000000000004,True
6421,4,0.25,0.31521666666666665,0.10476594894320872,0.3575,True
6429,4,0.20833333333333334,0.19707916666666667,0.2322177500970693,0.5144,True
6430,4,0.0,0.1674,0.049435878539341456,0.3327,True
6441,4,0.5416666666666666,0.4762,0.19804554372998234,0.4564,True
6445,4,0.16666666666666666,0.19319166666666668,0.10278231076307393,0.5333,True
6460,3,0.2916666666666667,0.2703291666666667,0.13815837943451356,0.2496,True
6464,4,0.125,0.19572916666666665,0.11936302857493067,0.28920000000000007,True
6465,4,0.16666666666666666,0.2824916666666667,0.0742332336020363,0.28259999999999996,True
6470,4,0.0,0.17254166666666668,0.04697499720403228,0.3446,True
6472,3,0.375,0.2826541666666667,0.1700983883551355,0.4391,True
6473,4,0.16666666666666666,0.1997125,0.18195476101038915,0.664,True
6480,4,0.08333333333333333,0.1655125,0.09786402862045936,0.4898,True
6483,4,0.16666666666666666,0.22747083333333332,0.08666408653489366,0.29640000000000005,True
6534,4,0.0,0.1425375,0.11404992351750101,0.46920000000000006,True
6538,4,0.0,0.18769583333333337,0.04462034512725515,0.1291,True
6545,4,0.041666666666666664,0.15001250000000002,0.0755931691904822,0.3698,True
6557,4,0.0,0.14551250000000002,0.06177388861984805,0.4239,True
6561,4,0.0,0.18257083333333335,0.04988588263458796,0.21359999999999996,True
6562,4,0.4583333333333333,0.32240833333333335,0.136063239506222,0.3915,True
6569,4,0.125,0.08216666666666667,0.11309097786898085,0.6498999999999999,True
6571,4,0.20833333333333334,0.2813375,0.08331500628181655,0.37400000000000005,True
6573,4,0.041666666666666664,0.153975,0.0665501069806085,0.3667,True
6574,4,0.041666666666666664,0.19365833333333335,0.09958877585030515,0.46430000000000005,True
6591,4,0.20833333333333334,0.23354583333333334,0.09425661540232312,0.4153,True
6594,4,0.125,0.20135833333333333,0.11233891623764791,0.3515000000000001,True
6619,3,0.375,0.30028333333333335,0.1752417179502213,0.4187,True
6620,3,0.20833333333333334,0.21809166666666668,0.17616992764316247,0.3081,True
6629,3,0.3333333333333333,0.27723333333333333,0.11080357735029672,0.21359999999999996,True
6636,4,0.4166666666666667,0.33816666666666667,0.1261102611646431,0.32799999999999996,True
6656,4,0.125,0.22660833333333333,0.05332633672404095,0.20990000000000003,True
6670,4,0.3333333333333333,0.31422083333333334,0.13741260615282044,0.31160000000000004,True
6674,4,0.041666666666666664,0.1566375,0.1357347695435605,0.5159,True
6676,4,0.25,0.27700833333333336,0.14767003439415533,0.4326,True
6683,4,0.08333333333333333,0.15492916666666667,0.13516965339629808,0.4859,True
6714,3,0.375,0.333375,0.24252257671687252,0.524,True
6715,4,0.4583333333333333,0.3629833333333334,0.11206692746695637,0.2579,True
6726,4,0.16666666666666666,0.23157916666666667,0.18323019254518325,0.44360000000000005,True
6752,4,0.0,0.05176666666666666,0.04188699774047007,0.2638999999999999,True
6759,3,0.2916666666666667,0.34565416666666665,0.21191671042132829,0.5363,True
6769,4,0.125,0.13170833333333334,0.10553853166813847,0.5985,True
6776,3,0.20833333333333334,0.21922083333333334,0.12969153027612218,0.3042,True
6804,4,0.16666666666666666,0.1783375,0.17824775335494966,0.5646,True
6813,4,0.041666666666666664,0.1962541666666667,0.09968633406478225,0.2907,True
6831,4,0.041666666666666664,0.13586666666666666,0.0814012213703192,0.5597000000000001,True
6832,3,0.20833333333333334,0.2192375,0.12994355902702023,0.34409999999999996,True
6862,3,0.20833333333333334,0.24139583333333334,0.09069112644943092,0.28040000000000004,True
6871,4,0.0,0.16075,0.04714237455051315,0.2948,True
6880,4,0.16666666666666666,0.16148333333333334,0.10900017816765122,0.5811999999999999,True
6906,4,0.16666666666666666,0.2207,0.11793052118127419,0.4811,True
6913,4,0.5833333333333334,0.3595166666666667,0.1140352488093681,0.346,True
6915,4,0.0,0.12151666666666668,0.08848342348645907,0.6974,True
6916,4,0.2916666666666667,0.2689666666666667,0.10642858257256742,0.35710000000000003,True
6924,4,0.041666666666666664,0.09086666666666667,0.08262687565017901,0.6409,True
6927,4,0.08333333333333333,0.227225,0.12455586576172227,0.3505000000000001,True
6940,4,0.20833333333333334,0.18546666666666667,0.09182916874220337,0.20230000000000004,True
6944,4,0.0,0.08674583333333334,0.041398130383815186,0.44360000000000005,True
6978,4,0.0,0.076575,0.06980086737968606,0.4777,True
6981,4,0.20833333333333334,0.21485,0.11719368212678868,0.5293,True
6990,2,0.16666666666666666,0.2493041666666667,0.07218358526620897,0.1844,True
6992,4,0.041666666666666664,0.21448333333333336,0.048248907774676886,0.2896,True
7002,4,0.2916666666666667,0.26358750000000003,0.08423930876558963,0.26910000000000006,True
7007,4,0.08333333333333333,0.15215,0.08813318972120993,0.4607,True
7019,4,0.375,0.293675,0.12012095082077462,0.32789999999999997,True
7048,4,0.0,0.11102916666666668,0.09193631765316246,0.4406,True
7051,4,0.5,0.318625,0.11932330669965167,0.33980000000000005,True
7087,4,0.0,0.09507916666666667,0.06595383747391985,0.39869999999999994,True
7099,4,0.125,0.11691666666666667,0.09633837858509867,0.23199999999999998,True
7105,4,0.0,0.10664166666666668,0.05549198858485294,0.4561,True
7121,4,0.0,0.07370833333333333,0.03633694869660509,0.3829000000000001,True
7128,4,0.4166666666666667,0.30830833333333335,0.07455923770758545,0.2938,True
7130,4,0.16666666666666666,0.22210833333333335,0.05664697633180639,0.2389,True
7150,3,0.25,0.23111250000000003,0.1448002861890638,0.25229999999999997,True
7169,3,0.041666666666666664,0.18794999999999998,0.06921608885600038,0.30950000000000005,True
7184,4,0.375,0.3185625,0.16139684230653875,0.4062,True
7189,4,0.0,0.012433333333333333,0.01341992893996176,0.10430000000000006,True
7195,3,0.041666666666666664,0.22134583333333335,0.044399324115171585,0.15430000000000005,True
7197,3,0.0,0.12047083333333335,0.06932144080872167,0.514,True
7198,4,0.3333333333333333,0.32374583333333334,0.20674488160252139,0.37220000000000003,True
7205,4,0.08333333333333333,0.26180000000000003,0.08707483038718206,0.49929999999999997,True
7211,3,0.16666666666666666,0.27244583333333333,0.0575388487225704,0.20800000000000002,True
7215,4,0.0,0.06011666666666667,0.06553689081708877,0.6402000000000001,True
7227,4,0.08333333333333333,0.21805416666666666,0.09130310237677135,0.4424,True
7262,4,0.0,0.09606666666666668,0.08053129916329138,0.5856999999999999,True
7273,4,0.0,0.0243375,0.03456110923768406,0.49670000000000003,True
7274,4,0.0,0.13575416666666668,0.059764530553822984,0.5095000000000001,True
7277,3,0.08333333333333333,0.1964625,0.06027116848046004,0.2859,True
7279,4,0.0,0.036583333333333336,0.021468129394759693,0.25760000000000005,True
7282,4,0.125,0.22520833333333334,0.12292856503453248,0.4265,True
7291,4,0.0,0.08682916666666667,0.060172292332042285,0.4768,True
7303,4,0.041666666666666664,0.2089916666666667,0.04434344142149377,0.1622,True
7330,4,0.0,0.1319875,0.0748676008901279,0.41790000000000005,True
7336,4,0.125,0.15692083333333334,0.1156940943183572,0.6199000000000001,True
7349,4,0.16666666666666666,0.18747916666666667,0.12296271608541125,0.4571,True
7363,4,0.0,0.15754583333333336,0.06767045453273286,0.18130000000000007,True
7367,4,0.041666666666666664,0.13655416666666667,0.08863143999618364,0.41359999999999997,True
7377,4,0.0,0.030416666666666665,0.04878395732977823,0.31220000000000003,True
7381,4,0.3333333333333333,0.288225,0.14266502953482998,0.3262,True
7392,4,0.20833333333333334,0.2516,0.10280701633981823,0.32,True
7396,3,0.125,0.19390833333333335,0.06956390816249888,0.19790000000000002,True
7397,4,0.16666666666666666,0.19058750000000002,0.10696218475419857,0.3062,True
7413,3,0.08333333333333333,0.20140000000000002,0.09887154160389346,0.41000000000000003,True
7417,4,0.0,0.02240416666666667,0.02032604838018505,0.3257000000000001,True
7425,4,0.0,0.018150000000000003,0.013715304051219256,0.1915,True
7435,4,0.5,0.32903750000000004,0.09622451921327584,0.2795,True
7438,4,0.0,0.11547916666666667,0.09564181357347418,0.5451,True
7447,4,0.041666666666666664,0.16996666666666668,0.08776333624245261,0.5248000000000002,True
7451,4,0.0,0.1649625,0.09796873419838997,0.5383,True
7465,4,0.25,0.20725416666666666,0.16475932375587354,0.6274,True
7477,4,0.08333333333333333,0.12110416666666668,0.18413344754178473,0.5289,True
7478,4,0.20833333333333334,0.26435000000000003,0.12467755978139562,0.5591999999999999,True
7482,4,0.08333333333333333,0.15935416666666666,0.096113144281223,0.4699000000000001,True
7487,4,0.25,0.24100833333333335,0.09312615994803322,0.33410000000000006,True
7489,3,0.625,0.3443333333333334,0.07552405701765363,0.2156,True
7490,4,0.375,0.31965000000000005,0.17285538816418566,0.3557,True
7494,4,0.3333333333333333,0.299,0.12624099795715094,0.2838,True
7515,4,0.125,0.25829583333333334,0.07023607693787566,0.32550000000000007,True
7526,4,0.0,0.15059166666666668,0.06683811016938235,0.39999999999999997,True
7531,4,0.25,0.25203749999999997,0.13781860419784944,0.30540000000000006,True
7539,4,0.041666666666666664,0.16608333333333333,0.07713714306726502,0.37949999999999995,True
7542,4,0.0,0.13247916666666668,0.07397823404433794,0.5583,True
7588,4,0.125,0.17602500000000001,0.11931196685489101,0.487,True
7591,3,0.125,0.21655833333333332,0.08208952121162372,0.189,True
7592,4,0.0,0.08320000000000001,0.04369951745828501,0.31400000000000006,True
7601,4,0.2916666666666667,0.2640708333333333,0.08436762968346212,0.3058,True
7602,4,0.25,0.25385833333333335,0.09206371100524881,0.29890000000000005,True
7618,3,0.125,0.2149,0.08361524720538349,0.33180000000000004,True
7625,4,0.125,0.18918333333333334,0.08065946488393239,0.3668,True
7626,4,0.041666666666666664,0.17335416666666667,0.10862778081362406,0.594,True
7661,4,0.4166666666666667,0.2928541666666667,0.13214624632075886,0.5154,True
7671,3,0.25,0.27245,0.10499426485372385,0.4518,True
7689,3,0.041666666666666664,0.171625,0.061377522085787284,0.4462,True
7690,3,0.20833333333333334,0.26545833333333335,0.08425360225387175,0.1861,True
7695,3,0.5,0.3819666666666666,0.1516279103213053,0.4843,True
7698,4,0.0,0.10530833333333334,0.06244372016789036,0.5068,True
7701,4,0.08333333333333333,0.1786291666666667,0.0795881052898182,0.28340000000000004,True
7708,4,0.08333333333333333,0.22482083333333336,0.06364269129913586,0.22200000000000003,True
7710,4,0.2916666666666667,0.3131,0.1141800142414333,0.3597,True
7729,2,0.16666666666666666,0.18285833333333334,0.10366856853188085,0.29939999999999994,True
7751,4,0.041666666666666664,0.16360833333333333,0.0909951117495816,0.4478,True
7758,4,0.041666666666666664,0.15435000000000001,0.08580598945345806,0.5371,True
7764,4,0.041666666666666664,0.140825,0.09308301694443655,0.4366,True
7768,2,0.20833333333333334,0.20957499999999998,0.07697412467553767,0.19310000000000005,True
7775,4,0.25,0.22520416666666668,0.13468972873000493,0.3771,True
7779,4,0.4583333333333333,0.3080875,0.099128574007612,0.21840000000000004,True
7809,4,0.0,0.013204166666666668,0.01905124620291434,0.1371,True
7811,4,0.0,0.12761666666666668,0.08726815080501898,0.4655,True
7827,4,0.16666666666666666,0.19419583333333335,0.1297176548580958,0.4717,True
7833,4,0.0,0.1594625,0.042126412374723025,0.19539999999999996,True
7842,4,0.20833333333333334,0.2166375,0.15185373057363602,0.44830000000000003,True
7847,3,0.08333333333333333,0.14935416666666668,0.10064897666456021,0.6006,True
7857,4,0.0,0.09844583333333334,0.03177527038391671,0.47070000000000006,True
7858,3,0.16666666666666666,0.21155833333333332,0.081086464407723,0.26940000000000003,True
7869,4,0.0,0.16079583333333333,0.052856347396929806,0.31850000000000006,True
7879,4,0.0,0.15557083333333335,0.05372862955685704,0.5568000000000001,True
7893,4,0.5,0.3490041666666667,0.12330483780193835,0.36450000000000005,True
7895,4,0.125,0.1915125,0.10478291145319782,0.24120000000000003,True
7898,3,0.20833333333333334,0.231,0.0996834293499001,0.248,True
7923,3,0.16666666666666666,0.22152916666666667,0.12475853017509174,0.37429999999999997,True
7937,4,0.0,0.12475833333333335,0.05651390684306534,0.4693,True
7938,4,0.0,0.04129166666666667,0.052645210498257086,0.6474,True
7968,4,0.20833333333333334,0.1920666666666667,0.16488539542114822,0.5892999999999999,True
7996,4,0.041666666666666664,0.18266250000000003,0.09951287796277819,0.43140000000000006,True
8004,4,0.0,0.04230833333333334,0.03835252859037279,0.4596,True
8009,4,0.0,0.24182916666666668,0.07603645280914348,0.35480000000000006,True
8016,4,0.3333333333333333,0.26180416666666667,0.14032538733140967,0.5545,True
8017,4,0.08333333333333333,0.1839166666666667,0.10032919149812115,0.4336,True
8028,4,0.0,0.1598625,0.05470210879410171,0.2916,True
8031,4,0.25,0.23125833333333334,0.07587434072010212,0.2016,True
8034,4,0.125,0.2612333333333334,0.12728425452221245,0.40990000000000004,True
8061,4,0.25,0.26161666666666666,0.09581975682030011,0.20040000000000002,True
8062,4,0.25,0.23349583333333335,0.09510856715933348,0.22939999999999994,True
8092,3,0.25,0.21664166666666665,0.11617145468684625,0.2758,True
8116,4,0.08333333333333333,0.18383750000000001,0.09765865491821389,0.5162,True
8122,4,0.0,0.11728333333333334,0.09892031780863988,0.4661,True
8134,4,0.041666666666666664,0.20491666666666666,0.06941975452881247,0.382,True
8140,4,0.041666666666666664,0.18315,0.10457471637230399,0.6078000000000001,True
8145,4,0.25,0.25714166666666666,0.09471198866617389,0.2202,True
8158,4,0.0,0.1532375,0.04080384479433281,0.2278,True
8166,4,0.08333333333333333,0.18429166666666666,0.08976752543759021,0.3454,True
8167,4,0.3333333333333333,0.32606250000000003,0.3125329893022078,0.4893,True
8170,4,0.041666666666666664,0.24109166666666668,0.12879002768803205,0.6238999999999999,True
8185,4,0.041666666666666664,0.18355833333333335,0.08070923074553636,0.5136000000000001,True
8186,4,0.0,0.10934583333333332,0.06936913221039448,0.6249,True
8188,4,0.16666666666666666,0.25235833333333335,0.10024965322141764,0.31699999999999995,True
8203,4,0.0,0.18692916666666667,0.0750104890008386,0.3773,True
8215,4,0.20833333333333334,0.21001666666666666,0.11478941273202124,0.41630000000000006,True
8227,4,0.0,0.05152916666666666,0.06815399748502216,0.39349999999999996,True
8236,4,0.2916666666666667,0.2980291666666667,0.08075621650141362,0.2384,True
8243,4,0.125,0.15974583333333334,0.10210787977584707,0.42040000000000005,True
8244,4,0.16666666666666666,0.21920416666666667,0.0667954078034051,0.3026,True
8249,4,0.125,0.22908333333333333,0.0892321187381133,0.3159,True
8263,4,0.0,0.12056666666666667,0.06372915288575733,0.5634000000000001,True
8266,4,0.041666666666666664,0.15869166666666668,0.11353949673501544,0.53,True
8269,4,0.0,0.03445,0.03653143970549917,0.4717,True
8272,4,0.125,0.2810625,0.05505299275125345,0.26130000000000003,True
8288,4,0.125,0.24408333333333335,0.07531427872395874,0.19349999999999995,True
8302,4,0.0,0.21634166666666668,0.04324350583730982,0.16100000000000003,True
8321,4,0.25,0.23293333333333335,0.11077828490185747,0.3855,True
8324,4,0.375,0.2596333333333333,0.06652827229451216,0.2037,True
8337,4,0.2916666666666667,0.2388,0.21180202815467744,0.47009999999999996,True
8345,4,0.0,0.1450875,0.059178406112365,0.5925,True
8367,4,0.16666666666666666,0.17861666666666667,0.15638358822672752,0.6505000000000001,True
8373,4,0.041666666666666664,0.15022083333333333,0.06789227387154799,0.42660000000000003,True
8376,4,0.041666666666666664,0.198175,0.07362841635980075,0.3289,True
8379,4,0.041666666666666664,0.19321666666666668,0.08335886101756027,0.4482,True
8408,4,0.041666666666666664,0.188025,0.10289389744020187,0.4579,True
8414,4,0.0,0.06287083333333333,0.08624105992314025,0.4226000000000001,True
8442,4,0.0,0.0462,0.027377759936313906,0.41669999999999996,True
8448,4,0.375,0.27865,0.07612340096128813,0.2781,True
8457,4,0.0,0.09762916666666667,0.03892373232882218,0.26880000000000004,True
8494,4,0.041666666666666664,0.213225,0.06422611042924493,0.43920000000000003,True
8503,4,0.0,0.12157916666666667,0.08076241581311827,0.4996000000000001,True
8507,4,0.0,0.06372083333333334,0.07363274306617455,0.7108000000000001,True
8509,4,0.0,0.038075000000000005,0.056743291118479575,0.5558000000000001,True
8552,4,0.0,0.13855416666666667,0.07149108171298539,0.5385,True
8554,4,0.2916666666666667,0.26410833333333333,0.1412700433387331,0.44610000000000005,True
8556,3,0.08333333333333333,0.1648375,0.0987471906589928,0.5247,True
8571,3,0.125,0.21947083333333336,0.09987296487197544,0.40090000000000003,True
8575,4,0.0,0.10311666666666668,0.05313937921342708,0.45499999999999996,True
8590,4,0.0,0.1668375,0.04373282333621421,0.41709999999999997,True
8597,4,0.0,0.011750000000000002,0.016652536038746148,0.1481,True
8635,4,0.2916666666666667,0.24979166666666666,0.14001576903945553,0.3154,True
8645,3,0.375,0.2731875,0.14958785789047474,0.34130000000000005,True
8654,4,0.0,0.13525416666666668,0.0393793145784264,0.37320000000000003,True
8691,4,0.0,0.10749583333333335,0.03306948520085058,0.3394,True
8702,4,0.16666666666666666,0.22800833333333334,0.10055509809862047,0.4825,True
8713,4,0.16666666666666666,0.216275,0.12385942680593857,0.4666,True
8715,4,0.0,0.04057916666666667,0.02488757292770599,0.5153000000000001,True
8719,4,0.041666666666666664,0.13596666666666668,0.09395246562545045,0.3264,True
8720,4,0.125,0.23675416666666668,0.06036451577286737,0.22700000000000004,True
8737,4,0.08333333333333333,0.2189791666666667,0.06548294155013175,0.345,True
8747,4,0.041666666666666664,0.14039583333333333,0.08054730977704246,0.27160000000000006,True
8782,4,0.0,0.11536666666666667,0.03542560688525189,0.3582,True
8788,3,0.2916666666666667,0.23430416666666667,0.09792638086256727,0.21349999999999997,True
8794,4,0.08333333333333333,0.16192083333333332,0.08643637508830294,0.43470000000000003,True
8824,3,0.3333333333333333,0.2542875,0.1164201324009764,0.23780000000000007,True
8832,4,0.041666666666666664,0.12141666666666667,0.10644995830524502,0.62,True
8846,4,0.0,0.18245833333333336,0.06328228625471104,0.3402,True
8851,3,0.5833333333333334,0.3162625,0.13328763213604924,0.2651,True
8857,4,0.041666666666666664,0.1617,0.10667281141721247,0.4622,True
8868,4,0.0,0.14878750000000002,0.0995367763038191,0.6879000000000001,True
8874,4,0.08333333333333333,0.20714583333333333,0.09169949020372573,0.40599999999999997,True
8906,4,0.0,0.09025833333333333,0.06775537788164167,0.6187,True
8913,4,0.08333333333333333,0.17830416666666668,0.0853306024882896,0.18059999999999998,True
8914,4,0.20833333333333334,0.27724166666666666,0.11760960074928323,0.30860000000000004,True
8915,4,0.0,0.14790833333333334,0.05519142117226637,0.4034000000000001,True
8948,4,0.125,0.1963166666666667,0.07051801907663567,0.2222,True
8952,3,0.125,0.21828333333333336,0.07372772274693744,0.19490000000000002,True
8965,4,0.041666666666666664,0.15285416666666668,0.07833547688248153,0.38809999999999995,True
8967,4,0.041666666666666664,0.20208333333333336,0.07315521121243675,0.41100000000000003,True
8990,4,0.20833333333333334,0.2784166666666667,0.11764265592357914,0.396,True
8998,4,0.125,0.21220833333333333,0.1152666319854769,0.37160000000000004,True
9004,4,0.0,0.1659375,0.0588455665834032,0.4806,True
9021,4,0.08333333333333333,0.19855,0.09413307416723367,0.5075000000000001,True
9054,2,0.375,0.26937500000000003,0.14581216699397298,0.22910000000000003,True
9063,4,0.4583333333333333,0.3567375,0.10300388685152488,0.23600000000000004,True
9064,4,0.625,0.3455708333333334,0.08265682580071218,0.19330000000000003,True
9077,4,0.041666666666666664,0.21525833333333333,0.0699002265137007,0.2681,True
9083,4,0.0,0.11952083333333334,0.04758421348712623,0.4324,True
9103,4,0.3333333333333333,0.28934166666666666,0.06061936780949791,0.1941,True
9104,4,0.3333333333333333,0.3402875,0.198735702384282,0.3869,True
9107,4,0.0,0.19670416666666668,0.06070439049494129,0.24390000000000006,True
9114,4,0.0,0.18282083333333335,0.055153445863152656,0.3595000000000001,True
9124,4,0.125,0.19034583333333333,0.1629788382613353,0.6378,True
9137,4,0.125,0.18169583333333336,0.11455821940855214,0.38480000000000003,True
9145,4,0.041666666666666664,0.11537083333333333,0.10279647041465065,0.42210000000000003,True
9150,4,0.2916666666666667,0.282075,0.09688213031262805,0.3067,True
9152,4,0.0,0.07885416666666667,0.11526907266183259,0.5561,True
9168,4,0.2916666666666667,0.27167500000000006,0.12373727163350724,0.37060000000000004,True
9178,4,0.08333333333333333,0.16484583333333333,0.1239780554886776,0.6069,True
9180,4,0.041666666666666664,0.18177916666666669,0.08021826193019548,0.3853000000000001,True
9205,4,0.0,0.05055833333333334,0.04730277054728693,0.6239,True
9212,4,0.0,0.06394166666666666,0.051715306931453986,0.48730000000000007,True
9219,4,0.16666666666666666,0.2411791666666667,0.1032962012819221,0.41550000000000004,True
9222,4,0.08333333333333333,0.13105833333333333,0.14886898213052882,0.5641,True
9237,4,0.16666666666666666,0.2108875,0.12985503392998102,0.4632,True
9243,4,0.25,0.2596541666666667,0.07535767454160751,0.1779,True
9251,3,0.4166666666666667,0.3435416666666667,0.23161293407727485,0.5533000000000001,True
9267,4,0.0,0.14327916666666668,0.060869046743392295,0.24680000000000002,True
9274,4,0.0,0.09342916666666667,0.05980259176560877,0.6038,True
9290,4,0.08333333333333333,0.08695833333333335,0.15511360189471982,0.6071,True
9297,4,0.125,0.2584125,0.1336671346308986,0.5757,True
9311,4,0.125,0.25553333333333333,0.115861186308244,0.35059999999999997,True
9327,4,0.041666666666666664,0.15597916666666667,0.07815171966266568,0.4869,True
9329,3,0.041666666666666664,0.1470875,0.055078783988503,0.3396,True
9336,4,0.08333333333333333,0.20468750000000002,0.12051296272510528,0.6398999999999999,True
9342,4,0.0,0.1501,0.09593615630697595,0.6609,True
9351,4,0.0,0.093325,0.050630908672899384,0.5447,True
9376,4,0.0,0.0883125,0.06383171020943172,0.38870000000000005,True
9377,3,0.25,0.19642083333333335,0.17898474547379406,0.4824,True
9379,3,0.08333333333333333,0.1859375,0.10796334246038046,0.44380000000000003,True
9384,3,0.2916666666666667,0.2654958333333333,0.12104844333595527,0.19369999999999998,True
9388,4,0.375,0.3277125,0.13444409315690523,0.3172,True
9389,4,0.4166666666666667,0.32505,0.13659127860630174,0.3245,True
9407,4,0.041666666666666664,0.17050416666666668,0.09076124665807284,0.3748,True
9425,4,0.0,0.15035,0.07326628028013266,0.47420000000000007,True
9435,3,0.20833333333333334,0.23352083333333337,0.10382245706290961,0.26689999999999997,True
9462,4,0.375,0.3161041666666667,0.08650199032224719,0.3528,True
9477,4,0.125,0.1687375,0.12165800537465313,0.543,True
9485,4,0.041666666666666664,0.19611250000000002,0.04229177443407417,0.17049999999999998,True
9491,4,0.375,0.26758750000000003,0.1215622127804811,0.4211,True
9493,4,0.75,0.3871541666666667,0.1087124727021444,0.39270000000000005,True
9504,4,0.08333333333333333,0.20188333333333333,0.12876472534337044,0.534,True
9522,3,0.25,0.21629583333333335,0.23870674291338911,0.5019,True
9557,3,0.25,0.19314166666666668,0.21067003855538535,0.5088000000000001,True
9570,4,0.041666666666666664,0.07671666666666667,0.10609165302029991,0.4751000000000001,True
9588,4,0.0,0.14046666666666666,0.0973069087616785,0.41910000000000003,True
9590,4,0.041666666666666664,0.16267916666666668,0.09677868063454016,0.5617000000000001,True
9598,4,0.16666666666666666,0.22712500000000002,0.12202572519225464,0.3456,True
9602,4,0.20833333333333334,0.23557916666666667,0.16380300198758546,0.5358,True
9611,3,0.16666666666666666,0.24949166666666667,0.10210233535065674,0.2323,True
9613,4,0.041666666666666664,0.17220833333333332,0.11183870729436819,0.5068,True
9639,4,0.0,0.13490833333333332,0.06220902993775984,0.4261000000000001,True
9641,4,0.0,0.06256250000000001,0.042179418146975324,0.3942,True
9651,3,0.125,0.21760833333333332,0.07200795195620785,0.20279999999999998,True
9656,4,0.3333333333333333,0.3292,0.07374523713433974,0.16290000000000004,True
9658,4,0.0,0.1562666666666667,0.061591781401676336,0.32520000000000004,True
9665,4,0.0,0.12205416666666667,0.05521089195602359,0.3147,True
9668,4,0.0,0.14565833333333336,0.07813636862210373,0.5367,True
9695,4,0.20833333333333334,0.27155833333333335,0.14678483488979097,0.3567000000000001,True
9726,3,0.25,0.22559583333333333,0.1295414839688066,0.40800000000000003,True
9733,4,0.041666666666666664,0.10439583333333334,0.07585754084877251,0.5823,True
9738,4,0.0,0.11884166666666666,0.06557358241048698,0.4204,True
9741,3,0.5,0.3284666666666667,0.13153550906476752,0.3489,True
9757,4,0.0,0.16082916666666666,0.08625675766427594,0.5612000000000001,True
9767,4,0.125,0.13435416666666666,0.13270008020431595,0.6318000000000001,True
9783,3,0.4583333333333333,0.30744166666666667,0.1345980842187671,0.33490000000000003,True
9784,4,0.041666666666666664,0.1465625,0.059313879983488284,0.5583,True
9796,3,0.041666666666666664,0.10157916666666666,0.06015584816824196,0.5880000000000001,True
9799,4,0.20833333333333334,0.2528125,0.1022325367781068,0.34520000000000006,True
9812,4,0.08333333333333333,0.17071666666666666,0.0878515678346977,0.44960000000000006,True
9826,4,0.5,0.42064166666666664,0.22114899938172053,0.42910000000000004,True
9836,4,0.0,0.15345416666666667,0.07300786723043093,0.35790000000000005,True
9848,4,0.0,0.16362083333333335,0.1080446887380067,0.5845,True
9869,4,0.0,0.07605416666666667,0.039182793241828544,0.4978,True
9870,4,0.08333333333333333,0.22680833333333336,0.06691161539943807,0.21259999999999996,True
9876,4,0.0,0.16500416666666667,0.051943744479770716,0.39080000000000004,True
9887,4,0.041666666666666664,0.09329583333333334,0.08887920713049216,0.6278999999999999,True
9891,3,0.0,0.12285416666666667,0.06644472681119618,0.4328,True
9895,4,0.08333333333333333,0.20538333333333333,0.056987250036009525,0.3176,True
9897,4,0.4166666666666667,0.29804583333333334,0.11698363311449454,0.2729,True
9900,4,0.0,0.15295416666666667,0.04489963667100667,0.2944,True
9923,4,0.0,0.18237916666666668,0.0488838639614045,0.3674,True
9924,4,0.041666666666666664,0.1617875,0.0777842518570213,0.35369999999999996,True
9932,3,0.16666666666666666,0.1628375,0.14344351656889961,0.424,True
9945,3,0.125,0.1706291666666667,0.1082688902251229,0.33780000000000004,True
9946,4,0.0,0.0910125,0.03660840141754111,0.3408,True
9950,4,0.20833333333333334,0.23018333333333332,0.07627616110963627,0.2128,True
9957,4,0.25,0.26181666666666664,0.08341878980633576,0.24979999999999997,True
9979,4,0.25,0.2720166666666667,0.09460318344982148,0.31850000000000006,True
9982,4,0.4166666666666667,0.29163333333333336,0.16747043260558403,0.4236,True
9991,4,0.625,0.43400833333333333,0.23366309994383436,0.5263,True
10005,4,0.2916666666666667,0.24768333333333334,0.12325856762413567,0.32730000000000004,True
10013,4,0.0,0.07465833333333334,0.038926027021905854,0.36999999999999994,True
10041,3,0.08333333333333333,0.16375833333333334,0.13775906161835968,0.5388,True
10049,4,0.0,0.12490833333333334,0.048144230018331076,0.37970000000000004,True
10050,3,0.125,0.18759583333333332,0.08835901311850061,0.43119999999999997,True
10078,4,0.08333333333333333,0.216575,0.07708131364373261,0.30729999999999996,True
10079,4,0.20833333333333334,0.2577041666666667,0.19142108938187802,0.35850000000000004,True
10081,4,0.25,0.24445000000000003,0.10433932103020166,0.26839999999999997,True
10146,4,0.041666666666666664,0.168125,0.09170080484213676,0.4537,True
10156,4,0.0,0.186875,0.08098394500038934,0.44530000000000003,True
10179,3,0.125,0.19369166666666668,0.1252353885139176,0.47120000000000006,True
10186,3,0.20833333333333334,0.18817916666666668,0.18001387864168472,0.6095,True
10198,4,0.16666666666666666,0.21126250000000002,0.08866683028888685,0.2589,True
10200,4,0.0,0.0198625,0.025270601797689574,0.2912,True
10211,4,0.125,0.20433333333333334,0.10622499774030374,0.45060000000000006,True
10214,4,0.7083333333333334,0.325875,0.08547891807213406,0.21740000000000004,True
10243,4,0.2916666666666667,0.2930416666666667,0.1382509624674939,0.33999999999999997,True
10256,4,0.0,0.16806666666666667,0.06544955353530699,0.34590000000000004,True
10259,4,0.0,0.118125,0.04502934550403481,0.1866,True
10280,4,0.0,0.069575,0.03732818319808191,0.5429,True
10282,4,0.0,0.06796666666666666,0.049007378917932325,0.4554,True
10290,4,0.3333333333333333,0.2808125,0.1286318214483898,0.39230000000000004,True
10294,4,0.2916666666666667,0.27090000000000003,0.11500317197893888,0.36769999999999997,True
10303,4,0.0,0.11205416666666668,0.053957656338431075,0.3004,True
10309,4,0.08333333333333333,0.15132083333333332,0.10435668758040197,0.5650999999999999,True
10315,4,0.3333333333333333,0.3035375,0.19146982918760447,0.2561,True
10316,4,0.5416666666666666,0.35946666666666666,0.13183451308583694,0.3556,True
10320,4,0.125,0.18912500000000002,0.07476390811428828,0.31729999999999997,True
10335,4,0.375,0.2667,0.11689636063810876,0.19689999999999996,True
10342,4,0.08333333333333333,0.1730625,0.09822886679453822,0.28090000000000004,True
10355,2,0.25,0.253175,0.12248917698417632,0.2939,True
10358,3,0.25,0.24355833333333335,0.12994340546248742,0.37760000000000005,True
10359,4,0.0,0.06044583333333334,0.04633604080557846,0.4376,True
