arm,family,n,acc,conf,brier,ece,ace
laya-ml,D-rand,8876,0.3671698963497071,0.43830674853537627,0.7277132330684613,0.07113685218566919,0.07332112584030732
laya-ml,D-lit,8876,0.15085624155024785,0.5358800698512843,1.0298269167341887,0.3850238283010365,0.38520072908568465
laya-ml,D-hard,8876,0.14420910319963948,0.5326145110410094,1.0301893942403526,0.3886402433528616,0.38857766329781557
lod-lille-0.6b,D-rand,888,0.48423423423423423,0.4466102092719825,0.6081971048213467,0.07324277841158817,0.08348776528895918
lod-lille-0.6b,D-lit,888,0.06644144144144144,0.7453378855108138,1.3914368353918303,0.6788964440693723,0.6807015867623902
lod-lille-0.6b,D-hard,888,0.06306306306306306,0.7356307650203101,1.3899389919626812,0.6725677019572469,0.6742950096664676
jev-1.13,D-rand,3265,0.9681470137825421,0.9670382848392037,0.048409885243137836,0.005494640122511508,0.0034373088685015394
jev-1.13,D-lit,3265,0.9307810107197549,0.9314640122511485,0.10730555734460323,0.013705972434915762,0.012497512648148912
jev-1.13,D-hard,3265,0.8542113323124043,0.8970903522205207,0.22026286603564066,0.04658499234303218,0.04715356755309404
