family,relig_sig,n,accuracy,acc_lo,acc_hi,LAR,mean_conf
D-hard,0,7708,0.14348728593668916,0.13583290088220032,0.15075246497145822,0.6281785158277114,0.5329557472755578
D-hard,1,1168,0.14897260273972604,0.1292808219178082,0.16954195205479441,0.6455479452054794,0.5303625856164385
D-lit,0,7708,0.14789828749351322,0.13998443175921121,0.15568240788790866,0.6445251686559419,0.5370356382978724
D-lit,1,1168,0.1703767123287671,0.14897260273972604,0.19263698630136986,0.6378424657534246,0.5282541095890411
D-rand,0,7708,0.36286974571873376,0.3522314478463934,0.3737675142708874,,0.43781360923715623
D-rand,1,1168,0.3955479452054795,0.3690068493150685,0.4246575342465753,,0.44156113013698634
D-sem,0,7708,0.3325116761805916,0.32200311364815776,0.34276076803321226,,0.43164839128178517
D-sem,1,1168,0.3356164383561644,0.3082191780821918,0.3621575342465753,,0.43483219178082194
D-surf,0,7708,0.33575505967825636,0.3249837830825117,0.34730150492994294,,0.4366295926310327
D-surf,1,1168,0.3501712328767123,0.3236301369863014,0.3775684931506849,,0.44021755136986296
