id,variant_i,idiom,alt,gold_key,pred_canon,pred_alt,agree,correct_canon,correct_alt,jsd,p_gold_canon,p_gold_alt,maxp_canon,maxp_alt,confhead_canon,confhead_alt
24,0,অকূলে ডোবা,অকূলে পড়া,C,D,D,1,0,0,0.040394515558417006,0.12504452466964702,0.23378919064998602,0.639328956604003,0.359479814767837,0.5449976921081541,0.323623061180114
31,0,অক্ষর পরিচয়,অক্ষর জ্ঞান,C,D,D,1,0,0,0.053551948455547005,0.017597652971744003,0.18873132765293102,0.9261736869812011,0.751541912555694,0.8062717914581291,0.659306466579437
31,1,অক্ষর পরিচয়,অ আ ক খ,C,D,C,0,0,1,0.272943085935273,0.017597652971744003,0.33283308148384,0.9261736869812011,0.33283308148384,0.8062717914581291,0.205835372209548
214,0,অপোগণ্ড,অপদার্থ,A,B,C,0,0,0,0.14287026714470302,0.06798078864812801,0.21032878756523102,0.7825188636779781,0.34494346380233704,0.571851909160614,0.163423389196395
230,0,অমাবস্যার চাঁদ,ডুমুরের ফুল,B,A,B,0,0,1,0.35377731532774304,0.031528688967227,0.375857204198837,0.937291085720062,0.375857204198837,0.7798641324043271,0.195112019777297
272,0,অশ্বডিম্ব,আঁটকুড়ের ব্যাটা,B,A,B,0,0,1,0.18725215407457402,0.118458405137062,0.329747766256332,0.7352468967437741,0.329747766256332,0.5777734518051141,0.19853504002094202
272,1,অশ্বডিম্ব,আকাশকুসুম,B,A,B,0,0,1,0.223703438109831,0.118458405137062,0.33844423294067305,0.7352468967437741,0.33844423294067305,0.5777734518051141,0.21480663120746601
299,0,আইবুড়ো পথ বদলানো,আইবুড়ো পথ ভাঁড়ানো,C,B,C,0,0,1,0.025203831065885002,0.45462208986282304,0.43130633234977706,0.48264363408088606,0.43130633234977706,0.31481561064720104,0.27422758936882
336,0,আককুটে,আকখুটিয়া,C,D,D,1,0,0,0.021381347108768,0.11728183925151801,0.19300509989261602,0.657289743423461,0.45406177639961204,0.546247005462646,0.311874359846115
336,1,আককুটে,আকখুটে,C,D,D,1,0,0,0.016627614486649,0.11728183925151801,0.173513650894165,0.657289743423461,0.480271369218826,0.546247005462646,0.34597003459930403
503,0,আদমের সময়,আদিকাণ্ডে,B,A,B,0,0,1,0.33485481232511305,0.025106269866228003,0.5645704269409181,0.938952982425689,0.5645704269409181,0.7330335378646851,0.345646023750305
503,1,আদমের সময়,আদ্দিকালে,B,A,A,1,0,0,0.181723881698334,0.025106269866228003,0.334043383598327,0.938952982425689,0.405486762523651,0.7330335378646851,0.176590576767921
512,0,আদার ব্যাপারী,উলুখাগড়া,C,A,B,0,0,0,0.040445891972140005,0.26628640294075,0.22357302904129,0.39500591158866805,0.28675737977027804,0.26145571470260603,0.164841279387474
512,1,আদার ব্যাপারী,এ-ও-সে,C,A,B,0,0,0,0.025408826604888003,0.26628640294075,0.20382821559906,0.39500591158866805,0.33685621619224504,0.26145571470260603,0.21135306358337402
558,0,আফসোস,আফশোস,C,B,B,1,0,0,0.0005512164028450001,0.28953751921653703,0.296970665454864,0.458510875701904,0.46643605828285206,0.22275131940841603,0.19409681856632202
559,0,আবড়াখাবড়া,এবড়োখেবড়ো,C,D,D,1,0,0,0.005998068194472001,0.273042201995849,0.21408171951770702,0.401908934116363,0.38788428902626004,0.268506973981857,0.279584825038909
559,1,আবড়াখাবড়া,উভড়খাবড়া,C,D,D,1,0,0,0.004565315726932,0.273042201995849,0.21300870180130002,0.401908934116363,0.39608788490295405,0.268506973981857,0.24165792763233102
586,0,আমি আর আমি নয়,আমি আর আমাতে নেই,D,A,A,1,0,0,0.031431737929728004,0.07744292914867401,0.173663049936294,0.8133990764617921,0.5869866609573361,0.5876088738441461,0.36394900083541804
635,0,আসতে কাটে যেতে কাটে,শাঁখের করাত,C,A,C,0,0,1,0.131494952416397,0.10725821554660701,0.29744303226470903,0.695470571517944,0.29744303226470903,0.5692532658576961,0.19462797045707703
639,0,আসমান-জমিন ফারাক,আকাশপাতাল তফাৎ,B,C,C,1,0,0,0.015666550476864,0.030422884970903,0.06922755390405601,0.8940843939781181,0.762697458267211,0.756099760532379,0.5939866304397581
721,0,ইস্তক-নাগাদ,ইস্তক-লাগাদ,D,B,B,1,0,0,7.273902175274355e-05,0.296663731336593,0.299134403467178,0.380109637975692,0.36899796128273005,0.237984091043472,0.218741431832313
726,0,ঈশানের মেঘ,ঈশান কোণের মেঘ,C,B,B,1,0,0,0.012701860751397,0.011358803138136002,0.046169497072696006,0.690010547637939,0.688894212245941,0.48409050703048706,0.40346893668174705
747,0,উজবক,উজবুক,B,C,C,1,0,0,0.0006220593437920001,0.336296707391738,0.353472024202346,0.5523242354393001,0.55550467967987,0.278977155685424,0.28515952825546204
799,0,উদরপূর্তি,উদরপূরণ,B,D,D,1,0,0,0.004904825409501001,0.020872568711638003,0.031886912882328006,0.884357094764709,0.8141213059425351,0.6794193983078001,0.5895479917526241
846,0,উলুখাগড়া,আদার ব্যাপারী,A,D,B,0,0,0,0.25207189021137805,0.058006551116704004,0.251709967851638,0.821446597576141,0.343613892793655,0.69882994890213,0.255343437194824
846,1,উলুখাগড়া,এ-ও-সে,A,D,B,0,0,0,0.19657272506967002,0.058006551116704004,0.265608310699462,0.821446597576141,0.275605767965316,0.69882994890213,0.194929599761962
863,0,উস্তম পুস্তম করা,ফুস্তম করা,C,B,B,1,0,0,0.0016770085694750002,0.06398644298315001,0.06290904432535101,0.8171563744544981,0.786323547363281,0.7406343221664421,0.716510713100433
863,1,উস্তম পুস্তম করা,উস্তন-খুস্তন করা,C,B,B,1,0,0,0.086396836249144,0.06398644298315001,0.24880889058113,0.8171563744544981,0.424321740865707,0.7406343221664421,0.324174344539642
924,0,এককড়াই দুধে একফোঁটা চোনা,কলসী দুধে একফোঁটা চোনা,A,B,B,1,0,0,0.005450102257209001,0.125078365206718,0.084069296717643,0.656641244888305,0.7489942908287041,0.49932220578193603,0.5732064247131341
924,1,এককড়াই দুধে একফোঁটা চোনা,গামলা দুধে একফোঁটা চোনা,A,B,B,1,0,0,0.002716962997865,0.125078365206718,0.092379719018936,0.656641244888305,0.7193557024002071,0.49932220578193603,0.5910677313804621
970,0,একগুঁয়ে,একরোখা,B,C,C,1,0,0,0.010068625890234,0.16941569745540602,0.26146933436393704,0.715139746665954,0.581359505653381,0.47900232672691306,0.32513773441314703
970,1,একগুঁয়ে,একবগগা,B,C,C,1,0,0,0.024948066031796,0.16941569745540602,0.27025219798088,0.715139746665954,0.500423371791839,0.47900232672691306,0.23968675732612602
978,0,একঘরিয়া,একঘরে,B,A,A,1,0,0,0.000518909915251,0.004424695391207,0.002010580617934,0.9899111390113831,0.9953291416168211,0.8746642470359801,0.913801252841949
988,0,একচেটিয়া,একচেটে,B,D,D,1,0,0,0.00023604262613700002,0.07184089720249101,0.065049849450588,0.8817836642265321,0.895173668861389,0.6734181046485901,0.675216972827911
1029,0,একতিল,একরত্তি,D,A,D,0,0,1,0.08015490321990201,0.144972816109657,0.298574030399322,0.6855341196060181,0.298574030399322,0.5301828980445861,0.22881732881069103
1029,1,একতিল,সুচাগ্র পরিমাণ,D,A,D,0,0,1,0.310711482509661,0.144972816109657,0.647160291671752,0.6855341196060181,0.647160291671752,0.5301828980445861,0.500316381454467
1058,0,একপেশে,একপেশো,B,D,D,1,0,0,0.0030596391618380003,0.23332291841506902,0.209622353315353,0.42472058534622104,0.498147636651992,0.324532121419906,0.35734149813652005
1065,0,একবনের শিয়াল,একগাঙের চিল,C,D,A,0,0,0,0.201171507075863,0.073293477296829,0.26511800289154,0.7894898653030391,0.31019631028175304,0.54299646615982,0.13821019232273102
1065,1,একবনের শিয়াল,একগোয়ালের গরু,C,D,C,0,0,1,0.185893622017677,0.073293477296829,0.391638547182083,0.7894898653030391,0.391638547182083,0.54299646615982,0.22283259034156802
1097,0,একরাশ,একরাশি,D,B,B,1,0,0,0.002854833258684,0.055058501660823,0.079822070896625,0.8403401374816891,0.783945858478546,0.665854096412658,0.5974434018135071
1097,1,একরাশ,এককাড়ি,D,B,B,1,0,0,0.057888294052723006,0.055058501660823,0.127063974738121,0.8403401374816891,0.5326715111732481,0.665854096412658,0.327690750360488
1098,0,একরোখা,একরোকা,A,D,D,1,0,0,0.0018261023174730002,0.15807355940341902,0.126214489340782,0.5328601002693171,0.549837350845336,0.360220521688461,0.361533313989639
1098,1,একরোখা,একগুঁয়ে,A,D,D,1,0,0,0.012539219351909001,0.15807355940341902,0.112960383296012,0.5328601002693171,0.49087923765182406,0.360220521688461,0.338697910308837
1144,0,একুনে,মোটমাট,D,B,D,0,0,1,0.18890503623874602,0.09095833450555801,0.5961142182350151,0.604619741439819,0.5961142182350151,0.39959082007408103,0.39262312650680503
1144,1,একুনে,সাকুল্যে,D,B,C,0,0,0,0.058580036996904006,0.09095833450555801,0.19244201481342302,0.604619741439819,0.31023642420768704,0.39959082007408103,0.18881954252719801
1154,0,একেবারেই,একদম,D,B,B,1,0,0,0.022382331498916,0.21222914755344302,0.36257866024971,0.7301805615425111,0.529821217060089,0.607451021671295,0.378993600606918
1212,0,এবড়ো-খেবড়ো,এবড়ো-থেবড়ো,D,B,B,1,0,0,0.00024170184261600001,0.10842664539813901,0.11370361596345901,0.42924627661705006,0.43406301736831604,0.228120729327201,0.26295730471611
1212,1,এবড়ো-খেবড়ো,আবড়া-খাবড়া,D,B,B,1,0,0,0.002352221514436,0.10842664539813901,0.14994478225708002,0.42924627661705006,0.38873842358589106,0.228120729327201,0.21681919693946802
1233,0,এসপার ওসপার,এসপার-কি-ওসপার,D,C,C,1,0,0,0.001078791774607,0.210725888609886,0.20613460242748202,0.305518120527267,0.280285835266113,0.170393332839012,0.134060010313987
1249,0,ওজর-আপত্তি,ওজর,B,D,A,0,0,0,0.14130145910031702,0.08978731930255801,0.244001016020774,0.765305340290069,0.34614568948745705,0.557908594608306,0.219712600111961
1279,0,ওস্তাগর,উস্তাগর,B,C,C,1,0,0,0.00013629643549000002,0.234503000974655,0.22925505042076103,0.46656307578086803,0.48230144381523105,0.23708835244178703,0.23190097510814603
1310,0,কচিকাঁচা,কাচ্চাবাচ্চা,D,C,C,1,0,0,0.017149415083815,0.010366979055106001,0.033780679106712,0.969292700290679,0.8731756210327141,0.8843393921852111,0.7721561789512631
1310,1,কচিকাঁচা,কুঁচোকাঁচা,D,C,C,1,0,0,0.0020706057802140003,0.010366979055106001,0.024178406223654,0.969292700290679,0.9446834921836851,0.8843393921852111,0.863180994987487
1311,0,কচি খোকা,খুকি,D,B,B,1,0,0,0.008167890561599,0.01092087291181,0.024015793576836003,0.9528388977050781,0.884010195732116,0.7672876119613641,0.631860792636871
1357,0,কড়াক্রান্তি,বিন্দুবিসর্গ,B,D,A,0,0,0,0.32974045031278904,0.022812284529209,0.20422245562076502,0.9126626253128051,0.32348394393920904,0.825499355792999,0.19647926092147802
1378,0,কড়িচণ্ডাল,পিশাচ,D,C,D,0,0,1,0.5595271454748321,0.016885293647646002,0.9226858615875241,0.948693394660949,0.9226858615875241,0.8056736588478081,0.7730585932731621
1380,0,কড়ি ফটকা,কড়ি ফটকা চিঁড়ে দই,A,C,C,1,0,0,0.008374561270557001,0.009289423935115,0.019501652568578002,0.949958205223083,0.8787487745285031,0.8705666661262511,0.730640172958374
1380,1,কড়ি ফটকা,কড়ি বিনে বন্ধু কই,A,C,C,1,0,0,0.050632775691286006,0.009289423935115,0.054348062723875004,0.949958205223083,0.7250643968582151,0.8705666661262511,0.5343958735466
1487,0,কথার নবাব,বাক্যনবাব,D,C,C,1,0,0,0.080796700362115,0.061902601271867,0.37539258599281305,0.8716603517532341,0.55095374584198,0.6506913900375361,0.35491561889648404
1487,1,কথার নবাব,বাক্যবাগীশ,D,C,D,0,0,1,0.40891980842391,0.061902601271867,0.886104345321655,0.8716603517532341,0.886104345321655,0.6506913900375361,0.7254177927970881
1496,0,কথার ভটচাজ্জি,কথার ধোকড়,A,B,B,1,0,0,0.135085120325279,0.041763007640838005,0.20687401294708202,0.870693504810333,0.38385701179504306,0.717917561531066,0.27110773324966403
1496,1,কথার ভটচাজ্জি,বাক্যনবাব,A,B,D,0,0,0,0.24244310754049303,0.041763007640838005,0.21327646076679202,0.870693504810333,0.49754986166954,0.717917561531066,0.43151354789733803
1555,0,কপাল দোষ,কাটা কপাল,C,D,D,1,0,0,0.012019682079428001,0.030878078192472003,0.07492006570100701,0.895681321620941,0.7872464060783381,0.7445346713066101,0.55852735042572
1555,1,কপাল দোষ,ফাটা কপাল,C,D,D,1,0,0,0.043723370735825,0.030878078192472003,0.10761363804340301,0.895681321620941,0.6556242704391481,0.7445346713066101,0.406224846839904
1570,0,কপোলকল্পনা,কল্পিত,D,C,A,0,0,0,0.033031096129462,0.38648521900177,0.36076378822326605,0.395969212055206,0.37454941868782005,0.272553324699401,0.28318396210670405
1677,0,কলিকা পাওয়া,কল্কে পাওয়া,C,A,A,1,0,0,0.0024674450282040003,0.29652515053749,0.33389994502067505,0.6282078027725221,0.6205707192420961,0.38424021005630404,0.39272171258926303
1694,0,কলুর বলদ,ধোপার গাধা,A,C,D,0,0,0,0.035456115068943,0.23090979456901503,0.255426555871963,0.37802326679229703,0.316457420587539,0.21469008922576902,0.187730804085731
1699,0,কলের পুতুল,ঢেঁকিকল,A,D,A,0,0,1,0.21763131658787102,0.06342538446187901,0.38519030809402405,0.877651154994964,0.38519030809402405,0.6752968430519101,0.244525283575057
1780,0,কাঁচুমাচু,কাচুমাচু,A,D,D,1,0,0,0.0027069142530130002,0.24610228836536402,0.207008853554725,0.38953223824501004,0.36042842268943703,0.23234628140926303,0.213729724287986
1785,0,কাঁটাগাছের তলায় থাকা,কাঁটাগাছের তলায় বাস করা,C,B,B,1,0,0,0.07343374901887201,0.074659459292888,0.039955634623765,0.574361860752105,0.872139275074005,0.512665033340454,0.758876800537109
1798,0,কাঁড়ানো চালে তিন ঘা পাড়,ঢেঁকির পাড়,D,B,A,0,0,0,0.066013022118382,0.10428375005722001,0.19642867147922502,0.6161926984786981,0.293444216251373,0.408953189849853,0.23990701138973203
1807,0,কার কস্য পরিবেদনা,কে কার ঝাড়ে বাঁশ কাটে,C,D,A,0,0,0,0.125166010311348,0.106878049671649,0.22251152992248502,0.6650565266609191,0.39475223422050404,0.663587868213653,0.37531948089599604
1816,0,কাকতালীয়,কাকতাল,A,B,B,1,0,0,0.00024169409882400002,0.074106387794017,0.077170901000499,0.747740685939788,0.734315693378448,0.6246843934059141,0.603798329830169
1887,0,কাজে লাগা,কাজে আসা,A,C,C,1,0,0,0.01935172737983,0.058900162577629006,0.010393673554062,0.760053217411041,0.8889520168304441,0.801907181739807,0.8229013085365291
1893,0,কাজের কাজি,কাজে ডাঁটো,C,B,B,1,0,0,0.014039632038988002,0.11884314566850601,0.226567074656486,0.8201277852058411,0.6828534007072441,0.6626535654067991,0.475678592920303
1964,0,কাৎলামাছ,কাৎলা,A,C,C,1,0,0,0.006841731384866,0.019530219957232,0.038894534111022006,0.9280756115913391,0.8567476272583001,0.7262914776802061,0.648494720458984
1969,0,কাদা ওড়ানীর কাছে ধুলা উড়ানী,ভূতের কাছে মামদোবাজি,D,C,A,0,0,0,0.23783725163878203,0.08587762713432301,0.21905341744422901,0.806107342243194,0.37464696168899503,0.717556834220886,0.279487043619155
2047,0,কানে বাজা,কানে লাগা,A,D,D,1,0,0,0.012227846087169002,0.055689096450805005,0.08654665201902301,0.8772115111351011,0.761270761489868,0.7659286260604851,0.6226372718811031
2118,0,কালনেমির লঙ্কাভাগ,গাছ না উঠতেই এককাঁদি,C,D,A,0,0,0,0.37334039564138705,0.005176013335585,0.288296818733215,0.9841982126235961,0.291800260543823,0.87965452671051,0.16093537211418102
2118,1,কালনেমির লঙ্কাভাগ,রাবণের ছাদনাতলা,C,D,A,0,0,0,0.404284953129801,0.005176013335585,0.293556869029998,0.9841982126235961,0.314634770154953,0.87965452671051,0.161862164735794
2218,0,কুঁচকি-কণ্ঠা খাওয়া,গণ্ডেপিণ্ডে গেলা,C,D,D,1,0,0,0.054406473347128004,0.10547618567943501,0.22113335132598802,0.7210946083068841,0.402579456567764,0.41416406631469704,0.186132684350013
2243,0,কুটনি,কুট্টনী,B,C,C,1,0,0,0.000590348809279,0.008923554793000001,0.011891555972397001,0.967331051826477,0.9542493820190431,0.872333526611328,0.8536047935485841
2278,0,কুল রাখা কি শ্যাম রাখা,কুল রাখি কি শ্যাম রাখি,A,D,D,1,0,0,0.041462911012628,0.20869046449661202,0.09303159266710201,0.494581460952758,0.769658327102661,0.271854698657989,0.540981948375701
2424,0,ক্যালি,ক্যালমা,A,A,A,1,1,1,0.0023185036511190003,0.40079894661903304,0.35924765467643704,0.40079894661903304,0.35924765467643704,0.275895714759826,0.22862395644187902
2565,0,খাওয়াপরা,খোরপোশ,D,B,B,1,0,0,0.16110464878032202,0.011068644933402,0.16111335158348,0.960479140281677,0.48447835445404,0.798142194747924,0.241577014327049
2581,0,খাট্টামিঠা,অম্লমধুর,D,C,A,0,0,0,0.158775245810299,0.056383229792118,0.162503972649574,0.759079039096832,0.343129277229309,0.504426598548889,0.168118298053741
2581,1,খাট্টামিঠা,টকমিষ্টি,D,C,C,1,0,0,0.042163360086729,0.056383229792118,0.24018508195877003,0.759079039096832,0.532550632953643,0.504426598548889,0.282463759183883
2582,0,খরদর্জাল,খাড়া দজ্জাল,C,B,D,0,0,0,0.18102441378963102,0.202160865068435,0.064171843230724,0.31193453073501504,0.7519849538803101,0.11305790394544601,0.47730192542076105
2582,1,খরদর্জাল,খরদজ্জাল,C,B,D,0,0,0,0.153299061912289,0.202160865068435,0.090972781181335,0.31193453073501504,0.7072817683219911,0.11305790394544601,0.41581612825393605
2631,0,খাসকামরা,মহল,D,A,A,1,0,0,0.19789218931898503,0.257261514663696,0.17659485340118403,0.721803724765777,0.291843801736831,0.48502951860427806,0.12005098909139601
2714,0,খেঁচাখিঁচি,খেঁচাখেঁচি,A,D,D,1,0,0,0.00042204200123200004,0.139273881912231,0.13599415123462602,0.42890509963035506,0.42443293333053506,0.22279581427574102,0.23093295097351002
2714,1,খেঁচাখিঁচি,খেচাখেচি,A,D,D,1,0,0,0.0038438031037970003,0.139273881912231,0.18155114352703,0.42890509963035506,0.350887775421142,0.22279581427574102,0.17551589012145902
2729,0,খেলা,খেল,A,D,D,1,0,0,0.0040269712970330005,0.023004205897450003,0.04480580613017,0.9490555524826051,0.9024029374122621,0.7446156144142151,0.6782569885253901
2739,0,খোঁচা মারা,খোঁচা,A,D,D,1,0,0,0.010094839710946001,0.019113790243864,0.038956217467784,0.9292915463447571,0.8410956859588621,0.792663216590881,0.665008306503295
2739,1,খোঁচা মারা,খোঁচাখুঁচি করা,A,D,D,1,0,0,0.005910188183481001,0.019113790243864,0.032899651676416,0.9292915463447571,0.8654922842979431,0.792663216590881,0.6867234706878661
2758,0,খোদার খাসি,খোদাই ষাঁড়,D,C,C,1,0,0,0.0020789044072470004,0.058547724038362,0.035282865166664006,0.752118408679962,0.7961633801460261,0.515508651733398,0.5366193652153011
2758,1,খোদার খাসি,গোকুলের ষাঁড়,D,C,A,0,0,0,0.133082924597713,0.058547724038362,0.12214150279760301,0.752118408679962,0.352261453866958,0.515508651733398,0.182677924633026
2795,0,খোসা পুরু,গণ্ডারচর্ম,B,A,C,0,0,0,0.253315314404778,0.018423868343234,0.1294407248497,0.8979941606521601,0.355578184127807,0.6871200799942011,0.15352126955986
2860,0,গড্ডলিকা,গড্ডালিকা,B,A,C,0,0,0,0.00016212307534400002,0.25246375799179,0.23969830572605103,0.253543019294738,0.26239478588104204,0.19171659648418402,0.18503664433956102
2860,1,গড্ডলিকা,গড্ডরিকা,B,A,C,0,0,0,0.004285074672981001,0.25246375799179,0.212502837181091,0.253543019294738,0.308483928442001,0.19171659648418402,0.19874332845211
2907,0,গণ্ডে-পিণ্ডে গেলা,গাণ্ডে-পিণ্ডে গেলা,A,B,B,1,0,0,0.000136595084166,0.060571521520614006,0.06457285583019201,0.8944184780120851,0.8943535685539241,0.810579419136047,0.8028486967086791
3168,0,গায়ে বিষ ছড়ানো,গায়ে বিষ ঢালা,D,C,C,1,0,0,0.003128653008749,0.055432096123695006,0.041189860552549,0.806437134742736,0.8646249175071711,0.7069408297538751,0.744972229003906
3227,0,গুটিসুটি,গুড়িশুড়ি,A,A,A,1,1,1,0.043441414951797,0.5941779017448421,0.410692423582077,0.5941779017448421,0.410692423582077,0.424730539321899,0.23147541284561102
3227,1,গুটিসুটি,জড়সড়,A,A,C,0,1,0,0.16562082525402003,0.5941779017448421,0.282741218805313,0.5941779017448421,0.335572719573974,0.424730539321899,0.19775217771530101
3237,0,গুণধর,গুণনিধি,A,B,B,1,0,0,0.0053124774668320005,0.10112571716308501,0.140128910541534,0.781455039978027,0.6910626292228691,0.57205706834793,0.438924223184585
3237,1,গুণধর,গুণমন্ত,A,B,B,1,0,0,0.002335973054218,0.10112571716308501,0.13063445687294,0.781455039978027,0.7237069606781,0.57205706834793,0.43330410122871404
3292,0,কপালের গেরো,কুগ্রহ,D,C,D,0,0,1,0.410478318331545,0.11799700558185501,0.9429694414138791,0.534594595432281,0.9429694414138791,0.36544963717460605,0.8553307652473451
3292,1,কপালের গেরো,গ্রহের ফের,D,C,D,0,0,1,0.396649202415127,0.11799700558185501,0.9235758185386651,0.534594595432281,0.9235758185386651,0.36544963717460605,0.8005994558334351
3297,0,গোঙ্গা ছেলের নাম তর্কবাগিশ,গোঁগা ছেলের নাম তর্কবাগিশ,B,D,D,1,0,0,0.0019641357996290003,0.037163548171520004,0.051504306495189,0.9283730387687681,0.893434286117553,0.816022217273712,0.7718203067779541
3430,0,ঘরপোড়া গরু,ঘরপোড়ার গরু,A,C,C,1,0,0,0.000303051691846,0.005156405270099001,0.006710240151733,0.9806100130081171,0.973307251930236,0.904922783374786,0.8884278535842891
3551,0,ঘুঘু চরা (ভিটেয়),ঘুঘু চরানো (ভিটেয়),A,B,B,1,0,0,0.000773241867726,0.0032312378752970003,0.002434249501675,0.9341350197792051,0.9521628618240351,0.8444297313690181,0.8611628413200371
3625,0,ঘ্যাঁট,জগাখিচুড়ি,D,C,A,0,0,0,0.0032743774512150004,0.193814978003501,0.190002396702766,0.323806762695312,0.35760366916656405,0.17167942225933,0.177431881427764
3675,0,চটপটে,চালাকচতুর,B,A,D,0,0,0,0.083167141718576,0.040148861706256006,0.056888524442911,0.700306117534637,0.408373206853866,0.544410943984985,0.276964426040649
3694,0,চড়ুইভাতি,বনভোজন,B,C,D,0,0,0,0.31451686908649,0.033065177500247005,0.32518607378005904,0.8830841779708861,0.403619855642318,0.753721952438354,0.287576884031295
3752,0,চলৎফিরৎ,চলাফেরা,A,C,C,1,0,0,0.021253896146081003,0.24758639931678703,0.441484689712524,0.6799291968345641,0.513244032859802,0.276774704456329,0.22329872846603302
3752,1,চলৎফিরৎ,নড়াচড়া,A,C,A,0,0,1,0.25053420327818304,0.24758639931678703,0.865652918815612,0.6799291968345641,0.865652918815612,0.276774704456329,0.634091556072235
3926,0,চিনির বলদ,ধোপা-ভাঁড়ারী,D,C,B,0,0,0,0.36379379429249703,0.013301536440849,0.320012390613555,0.667083501815795,0.462508738040924,0.489100754261016,0.20445770025253202
3937,0,চিমড়ে,চিমড়া,A,D,D,1,0,0,0.001638575542715,0.024794563651084,0.018664268776774,0.8597589731216431,0.8967796564102171,0.6608344316482541,0.7210564017295831
3952,0,চীনে জোঁক,চীনা জোঁক,C,A,A,1,0,0,0.0005914236633780001,0.001403197762556,0.0034157433547070005,0.99648106098175,0.9911996722221371,0.91780936717987,0.8831434845924371
3952,1,চীনে জোঁক,ছিনা জোঁক,C,A,A,1,0,0,0.043037821098466,0.001403197762556,0.049651522189378,0.99648106098175,0.862572491168975,0.91780936717987,0.664830923080444
3979,0,চুমরানো,চোমরানো,C,B,B,1,0,0,0.008989527931615001,0.17813403904438002,0.16168586909770902,0.41795372962951605,0.384125709533691,0.21137525141239102,0.213330164551734
4035,0,চোখ খাওয়া,চোখের মাথা খাওয়া,D,C,C,1,0,0,0.00022458157544200002,0.012052363716065,0.015850719064474002,0.9654901623725891,0.957759916782379,0.7867100238800041,0.767832338809967
4179,0,চোরে চোরে খালাতো মাসতুতো ভাই,চোরের সাক্ষী গাঁটকাটা,B,A,A,1,0,0,0.039890713885167,0.06097984313964801,0.13221687078475902,0.852357447147369,0.6071818470954891,0.613857209682464,0.39194750785827603
4179,1,চোরে চোরে খালাতো মাসতুতো ভাই,শুঁড়ির সাক্ষী মাতাল,B,A,A,1,0,0,0.08866118108678,0.06097984313964801,0.20005139708518901,0.852357447147369,0.462089896202087,0.613857209682464,0.27799451351165705
4202,0,চ্যাঙড়া,ফচকে,D,A,A,1,0,0,0.006624044409315,0.123926609754562,0.162405475974082,0.330364823341369,0.35643029212951605,0.185168832540512,0.19440048933029103
4239,0,ছন্দপতন,তালভঙ্গ,A,C,A,0,0,1,0.378102513487841,0.018033849075436002,0.425213545560836,0.9702741503715511,0.425213545560836,0.847960352897644,0.25829720497131303
4239,1,ছন্দপতন,রসভঙ্গ,A,C,A,0,0,1,0.388524282158461,0.018033849075436002,0.526064932346344,0.9702741503715511,0.526064932346344,0.847960352897644,0.320006847381591
4298,0,ছাতু,কচু,C,B,B,1,0,0,0.21293467109806002,0.016434067860245,0.270521432161331,0.9337695240974421,0.343108564615249,0.711724579334259,0.150175675749778
4298,1,ছাতু,কলা,C,B,B,1,0,0,0.17948997779549902,0.016434067860245,0.153572604060173,0.9337695240974421,0.397844702005386,0.711724579334259,0.1482445448637
4323,0,ছাল নেই কুত্তা নাম তার বাঘা,কানাছেলের নাম পদ্মলোচন,B,D,D,1,0,0,0.128380997017084,0.07819620519876401,0.334752917289733,0.857027232646942,0.379868328571319,0.6824120283126831,0.203959986567497
4323,1,ছাল নেই কুত্তা নাম তার বাঘা,কেলেবামুনের নাম গৌরাঙ্গসুন্দর,B,D,B,0,0,1,0.24511393985448002,0.07819620519876401,0.56134432554245,0.857027232646942,0.56134432554245,0.6824120283126831,0.31605973839759804
4329,0,ছিঁড়াছিঁড়ি,কাটাছেঁড়া,B,C,C,1,0,0,0.053493767112900006,0.17421478033065702,0.47329190373420704,0.811327874660491,0.5087071657180781,0.605192840099334,0.343936651945114
4333,0,ছিট,ক্যারা,A,D,A,0,0,1,0.066747779480938,0.128675132989883,0.30896997451782204,0.6024016141891481,0.30896997451782204,0.36419600248336703,0.21366810798645003
4366,0,ছুটি,ছুটকারা,A,B,B,1,0,0,0.008508089246425,0.047253802418708,0.078237392008304,0.8844609260559081,0.789289772510528,0.7605183720588681,0.639752805233001
4464,0,জড়সড়,জবুথবু,D,A,A,1,0,0,0.005233971754787001,0.207836925983428,0.13927702605724301,0.374682158231735,0.37324440479278503,0.205165967345237,0.181302621960639
4477,0,জনমানবশূন্য,জনমানব,D,C,C,1,0,0,0.08666647371007401,0.044200651347637,0.349079340696334,0.935010135173797,0.607846200466156,0.722813248634338,0.36462128162384005
4485,0,জন্ম-এয়োতি,এয়োস্ত্রী,A,D,C,0,0,0,0.076267327181677,0.161498829722404,0.21135108172893502,0.6236380934715271,0.302208244800567,0.49662768840789706,0.23811919987201602
4538,0,জলপান,জলখাবার,A,B,A,0,0,1,0.491516803348893,0.040612701326608006,0.8974748849868771,0.9235308766365051,0.8974748849868771,0.687075316905975,0.623698830604553
4538,1,জলপান,জলযোগ,A,B,B,1,0,0,0.181899223540297,0.040612701326608006,0.346693187952041,0.9235308766365051,0.375418335199356,0.687075316905975,0.15088814496994002
4542,0,জলভাত,জলবৎতরলং,A,C,C,1,0,0,0.03964393953871,0.176891535520553,0.32176074385643,0.6288631558418271,0.349604934453964,0.36888268589973405,0.169988945126533
4589,0,জাত খাওয়া,জাত খোয়ানো,D,C,D,0,0,1,0.054318672233134004,0.22873015701770702,0.47868880629539406,0.734898626804351,0.47868880629539406,0.58557116985321,0.320625811815261
4589,1,জাত খাওয়া,জাত মারা,D,C,D,0,0,1,0.050391264223135,0.22873015701770702,0.499937295913696,0.734898626804351,0.499937295913696,0.58557116985321,0.34601700305938704
4605,0,জাত্যভিমান,কুল,A,D,C,0,0,0,0.180097698201193,0.07691655308008101,0.26562285423278803,0.6889736652374261,0.363167017698287,0.45238590240478505,0.17737306654453203
4605,1,জাত্যভিমান,বংশগৌরব,A,D,D,1,0,0,0.013237482981846,0.07691655308008101,0.18388807773590002,0.6889736652374261,0.617173612117767,0.45238590240478505,0.392853558063507
4615,0,জানাশুনা,জানাশোনা,B,D,D,1,0,0,0.016307514471804,0.040814213454723004,0.09238515049219101,0.869581282138824,0.726129055023193,0.684389293193817,0.5049560070037841
4696,0,জুয়াচোর,জুয়াচুরী,A,C,C,1,0,0,0.017888885578203003,0.11343435943126601,0.19921392202377303,0.6939756274223321,0.5112926959991451,0.537305414676666,0.348565995693206
4700,0,জেগে স্বপ্ন দেখা,জাগরস্বপ্ন,C,B,B,1,0,0,0.001789007030296,0.023674381896853003,0.037312109023332006,0.9321686625480651,0.9004610776901241,0.82508784532547,0.7912107110023491
4728,0,জোরজবরদস্তি,জোরজবর,D,C,C,1,0,0,0.00020465827960300002,0.07698453962802801,0.08395670354366301,0.7580791711807251,0.7496901154518121,0.474748969078063,0.49887114763259804
4728,1,জোরজবরদস্তি,জোরজারি,D,C,C,1,0,0,0.024325790064175002,0.07698453962802801,0.140199601650238,0.7580791711807251,0.5499216914176941,0.474748969078063,0.29129597544670105
4819,0,ঝোলে ঝালে অম্বলে,"ঝালে, ঝোলে, অম্বলে",D,C,C,1,0,0,0.010021411511208,0.008963051252067,0.034583270549774,0.9697082638740541,0.9024227857589721,0.8444831967353821,0.7848963737487791
4819,1,ঝোলে ঝালে অম্বলে,সর্বঘটে কাঁঠালী কলা,D,C,D,0,0,1,0.368192858234311,0.008963051252067,0.34131622314453103,0.9697082638740541,0.34131622314453103,0.8444831967353821,0.18205912411212902
4867,0,টঙটঙ করা,টংটং করা,A,D,D,1,0,0,0.083199334901513,0.014377524144947001,0.11316826194524701,0.9685560464859001,0.679386913776397,0.8163046836853021,0.437636882066726
4867,1,টঙটঙ করা,ট্যাঙ্‌ট্যাঙ করা,A,D,D,1,0,0,0.11992494523047902,0.014377524144947001,0.162645429372787,0.9685560464859001,0.5902051329612731,0.8163046836853021,0.38300541043281505
4888,0,টাঁশা,টাঁসা,D,A,A,1,0,0,0.00031773442259600004,0.171383753418922,0.17788632214069303,0.30202716588974,0.30354085564613303,0.18431511521339403,0.18580839037895203
4894,0,টাকা কামানো,টাকা করা,A,B,B,1,0,0,0.056101891550260005,0.016666959971189003,0.065141059458255,0.8850403428077691,0.601370871067047,0.7117587924003601,0.431410014629364
4927,0,টানাহেঁছা,হ্যাঁচড়া,D,C,C,1,0,0,0.008928757326325,0.06363441795110701,0.034120876342058,0.803099453449249,0.8951058387756341,0.6863301396369931,0.803135275840759
4960,0,টুঁটি চাপা,টুঁটি টেপা,C,D,A,0,0,0,0.017313998277765003,0.185937032103538,0.22860535979270902,0.413957864046096,0.32676994800567605,0.219955265522003,0.20935337245464303
4961,0,টুকটাক,টুকিটাকি,D,B,B,1,0,0,0.018916785821513002,0.079904220998287,0.172048911452293,0.824479103088378,0.6562060713768001,0.7021214962005611,0.5052725672721861
4991,0,টেঁকে গোঁজা,ট্যাঁকে গোঁজা,B,A,A,1,0,0,8.220231108258979e-05,0.14579249918460802,0.14802584052085802,0.6404090523719781,0.634979128837585,0.611735224723815,0.593274295330047
5026,0,ট্যারা বনে যাওয়া,টেরিয়ে যাওয়া,A,B,D,0,0,0,0.13070560718177401,0.182995736598968,0.226631000638008,0.6967973709106441,0.501753330230712,0.6252813339233391,0.424394935369491
5060,0,ঠারে-ঠারে,ঠারে-ঠোরে,D,A,B,0,0,0,0.008888187563476,0.15707516670227,0.191762700676918,0.37138000130653304,0.33067628741264304,0.233379557728767,0.215985164046287
5064,0,ঠিক-ঠিকানা,তত্ত্ব-তালাশ,A,C,A,0,0,1,0.065482754294546,0.129411146044731,0.34753596782684304,0.40751150250434803,0.34753596782684304,0.19706593453884103,0.145985409617424
5064,1,ঠিক-ঠিকানা,সুলুক-সন্ধান,A,C,A,0,0,1,0.37257881162946305,0.129411146044731,0.92507004737854,0.40751150250434803,0.92507004737854,0.19706593453884103,0.623617231845855
5160,0,ডালছাড়া বাঁদর,জলছাড়া মাছ,C,B,B,1,0,0,0.09665623521364501,0.11099629849195401,0.26975071430206304,0.8631078004837031,0.48219752311706504,0.68067866563797,0.279637694358825
5196,0,ডুমোডুমো,ডুমো,D,C,B,0,0,0,0.001009100097284,0.21193966269493103,0.22428785264492002,0.306673973798751,0.283991187810897,0.144792526960372,0.12160459905862801
5253,0,ঢিলা দিয়ে টেনে আনা,ঢিল দিয়ে টেনে আনা,B,D,D,1,0,0,0.007218196923525001,0.10624533146619701,0.06972479820251401,0.6464766263961791,0.755919575691223,0.6414116024971,0.752804636955261
5253,1,ঢিলা দিয়ে টেনে আনা,ছেড়ে দিয়ে তেড়ে ধরা,B,D,B,0,0,1,0.08637975982559501,0.10624533146619701,0.316155165433883,0.6464766263961791,0.316155165433883,0.6414116024971,0.231218248605728
5273,0,ঢেঁকি স্বর্গে গিয়ে ধান ভানে,ঢেঁকি স্বর্গে গেলেও ধান ভানে,A,D,D,1,0,0,0.0009940627574350001,0.198391959071159,0.17492499947547901,0.595219492912292,0.633091390132904,0.434890091419219,0.45267292857170105
5274,0,ঢেঁকি স্বর্গে গিয়েও ধান ভানে,ঢেঁকি স্বর্গে গিয়ে ধান ভানে,D,B,B,1,0,0,0.0005709148724880001,0.227910697460174,0.223076999187469,0.44711706042289706,0.42074784636497503,0.367528676986694,0.340775847434997
5344,0,তরি-তরকারি,শাক-পাতা,A,D,D,1,0,0,0.005989686621552,0.059271495789289,0.071729689836502,0.859437823295593,0.896014928817749,0.7392030954360961,0.708433985710144
5344,1,তরি-তরকারি,শাকসবজি,A,D,D,1,0,0,0.074809384641822,0.059271495789289,0.318099558353424,0.859437823295593,0.5278463959693901,0.7392030954360961,0.27960866689682
5360,0,তাঁতীকুলও গেল বৈষ্ণবকুলও গেল,একুল ওকুল দুকুল গেল,C,B,B,1,0,0,0.156867317645934,0.017382742837071002,0.275804132223129,0.961679816246032,0.49605473875999406,0.868401587009429,0.361083447933197
5364,0,তাইরে নাইরে,তা-না-না তেরে কেটে তা,C,B,B,1,0,0,0.078622662244775,0.077122002840042,0.274828970432281,0.8362623453140251,0.467558026313781,0.625560164451599,0.22615323960781003
5364,1,তাইরে নাইরে,ধিয়া-তা-ধিয়া,C,B,B,1,0,0,0.08696183020912,0.077122002840042,0.26642718911170904,0.8362623453140251,0.445037543773651,0.625560164451599,0.23583373427391002
5375,0,তা না না,তানা না,A,D,D,1,0,0,0.011743496350923002,0.083990141749382,0.131826892495155,0.505623042583465,0.37072214484214705,0.41517829895019503,0.284050732851028
5375,1,তা না না,তানা না না,A,D,D,1,0,0,0.0027346140571080004,0.083990141749382,0.07598924636840801,0.505623042583465,0.574815332889556,0.41517829895019503,0.47795799374580306
5426,0,তিন লাফে,সাত-তাড়াতাড়ি,D,C,B,0,0,0,0.42732243280770804,0.007861631922423,0.309018224477767,0.9687948822975151,0.354120284318923,0.895854115486145,0.332153141498565
5542,0,ত্রিবলি,ত্রিবলী,A,D,D,1,0,0,0.001212936528134,0.04021518304944,0.037377838045358006,0.672199606895446,0.7147588133811951,0.46685108542442305,0.5370296239852901
5550,0,ত্রিরাত্রি,ত্রিরাত্র,A,D,D,1,0,0,0.001041858093335,0.16881790757179202,0.15119256079196902,0.637711942195892,0.6793388724327081,0.483818411827087,0.5329843163490291
5550,1,ত্রিরাত্রি,তেরাত্রি,A,D,D,1,0,0,0.015094967390218001,0.16881790757179202,0.280697911977767,0.637711942195892,0.6066076159477231,0.483818411827087,0.47364440560340804
5599,0,থোঁতা মুখ ভোঁতা করা,থোতা মুখ ভোঁতা করা,B,D,D,1,0,0,5.495662358591749e-06,0.012246649712324,0.012874978594481001,0.979033291339874,0.9787260293960571,0.9033101797103881,0.9058100581169121
5621,0,দড়কাঁচা,দড়কচা,C,D,D,1,0,0,0.045698568795413,0.064907014369964,0.118904739618301,0.855032801628112,0.5974826216697691,0.7360433340072631,0.42293399572372403
5621,1,দড়কাঁচা,দরকচা,C,D,D,1,0,0,0.019008870000356,0.064907014369964,0.074240140616893,0.855032801628112,0.713451027870178,0.7360433340072631,0.5430588126182551
5637,0,দন্ত কচকচি,খিচিমিচি,C,B,B,1,0,0,0.023511509621214,0.08837454020977001,0.183812037110328,0.522393941879272,0.325832724571228,0.219837442040443,0.10044308751821501
5715,0,দশবাই চণ্ডী,রণচণ্ডী,C,D,D,1,0,0,0.049095775395757005,0.003516156692057,0.073558390140533,0.94612443447113,0.7652454376220701,0.7637976408004761,0.47466638684272705
5805,0,দিনকে রাত করা,হয়কে নয় করা,B,D,C,0,0,0,0.400158878506263,0.029232654720544003,0.345884591341018,0.9447078704833981,0.348254144191741,0.8447577357292171,0.208580568432807
5887,0,দুমুখো লোক,দুচুচকো,D,A,A,1,0,0,0.07439448938583501,0.041438058018684006,0.19214361906051602,0.668517351150512,0.37227982282638505,0.5793270468711851,0.29372394084930403
6045,0,ধাক্কা সামলানো,ঝক্কি সামালানো,A,D,A,0,0,1,0.14436967046162202,0.10725349932909001,0.56750738620758,0.8854036331176751,0.56750738620758,0.8519964814186091,0.42617031931877103
6045,1,ধাক্কা সামলানো,হ্যাপা সামলানো,A,D,A,0,0,1,0.14532015077455102,0.10725349932909001,0.585903048515319,0.8854036331176751,0.585903048515319,0.8519964814186091,0.48047399520874
6077,0,ধিকিধিকি,ধিকধিক,A,D,A,0,0,1,0.007158723557021,0.28499281406402505,0.34350898861885004,0.37091651558876004,0.34350898861885004,0.216605871915817,0.253497064113616
6117,0,ধেনো,ধেনো জমি,A,A,A,1,1,1,0.002782307839593,0.555976331233978,0.48857647180557207,0.555976331233978,0.48857647180557207,0.32413035631179804,0.24573202431201902
6117,1,ধেনো,ধেনো বুদ্ধি,A,A,A,1,1,1,0.011107762184553002,0.555976331233978,0.467315167188644,0.555976331233978,0.467315167188644,0.32413035631179804,0.220765992999076
6121,0,ধোঁকার টাটি,ধোখে কী টট্টী,A,C,C,1,0,0,0.012015241211791,0.08285631984472201,0.143533080816268,0.739464700222015,0.595444619655609,0.555727124214172,0.362207114696502
6165,0,নজর রাখা,নজরে রাখা,A,B,B,1,0,0,0.0031716787923550004,0.034110188484191,0.040482964366674,0.724153161048889,0.6545693278312681,0.5566412806510921,0.46705082058906505
6176,0,নটঘট,ঘটি,A,D,D,1,0,0,0.053860933095781,0.09915553778409901,0.36774280667304904,0.8866199851036071,0.61341369152069,0.737099349498748,0.46932750940322804
6297,0,নাক মলা,নাক-কান মলা,C,A,A,1,0,0,0.0018363792245320002,0.015355524607002001,0.024623982608318003,0.9550287723541261,0.9265778064727781,0.839381873607635,0.815209925174713
6323,0,নাচতে এসে ঘোমটা টানা,নাচতে নেমে ঘোমটা টানা,D,B,B,1,0,0,0.009667319446047,0.009976026602089001,0.021965067833662002,0.854211568832397,0.74485558271408,0.7827040553092951,0.6541115045547481
6323,1,নাচতে এসে ঘোমটা টানা,নাচতে এসে ঘোমটা কেন,D,B,B,1,0,0,0.096515376016943,0.009976026602089001,0.15825666487216902,0.854211568832397,0.544202327728271,0.7827040553092951,0.41748058795928905
6488,0,ন্যাড়া ছাদ,নেড়া ছাদ,D,A,A,1,0,0,0.00018262182619800001,0.016874957829713003,0.016431946307420002,0.9329347610473631,0.9282979369163511,0.8538317084312431,0.846449136734008
6538,0,পটপট করে,পটাপট,B,A,A,1,0,0,0.028405046566483003,0.052971620112657006,0.152231991291046,0.8094244003295891,0.618318438529968,0.5726934671401971,0.382473826408386
6541,0,পটল তোলা,পঞ্চত্বপ্রাপ্তি,B,D,A,0,0,0,0.39783936141249804,0.002796910470351,0.153483852744102,0.9889174699783321,0.42906251549720703,0.9238589406013481,0.318841964006423
6579,0,পথ মাড়ানো,কথায় না থাকা,C,A,A,1,0,0,0.09283535900003201,0.039757922291755,0.26198834180831904,0.62302565574646,0.315974861383438,0.46406614780426003,0.177405521273612
6579,1,পথ মাড়ানো,ছায়া না মাড়ানো,C,A,B,0,0,0,0.08038495354276201,0.039757922291755,0.205496028065681,0.62302565574646,0.308347910642623,0.46406614780426003,0.17435975372791201
6581,0,পথভোলা,পথভ্রান্ত,C,A,A,1,0,0,0.010599076819628002,0.090044468641281,0.136102512478828,0.854674875736236,0.7442684769630431,0.7034426331520081,0.5951296091079711
6581,1,পথভোলা,পথহারা,C,A,A,1,0,0,0.003807061643919,0.090044468641281,0.090752609074115,0.854674875736236,0.8182493448257441,0.7034426331520081,0.6952689886093141
6737,0,পাকচক্রে,পাকেচক্রে,A,B,B,1,0,0,0.00022421179974700003,0.0042842584662130005,0.002830968471243,0.9840229749679561,0.98887676000595,0.8632233142852781,0.8802571892738341
6742,0,পাকে পড়া,পাকে ফেলা,D,B,B,1,0,0,0.011392797565385,0.01734983921051,0.002906577428802,0.943555772304534,0.9924382567405701,0.90521639585495,0.9502705335617061
6746,0,পাখি পড়ানো,পাখি পড়া পড়ানো,C,A,A,1,0,0,0.011123798158635002,0.056428607553243006,0.13878594338893802,0.857983946800231,0.7554941177368161,0.6543037891387941,0.539552748203277
6775,0,পাট উঠানো,পাট তোলা,D,B,C,0,0,0,0.25509828819873603,0.130442291498184,0.037970691919326005,0.582993865013122,0.869955956935882,0.41867217421531605,0.7497919797897331
6777,0,পাটকিলে,পাটকেল,C,D,B,0,0,0,0.00153052071331,0.16222251951694402,0.16999088227748801,0.31915020942687905,0.288706123828887,0.14266423881053902,0.12697981297969801
6777,1,পাটকিলে,পাটকিল,C,D,D,1,0,0,9.645463276912594e-06,0.16222251951694402,0.165048032999038,0.31915020942687905,0.31982719898223805,0.14266423881053902,0.13524255156517
6885,0,পেছু লাগা,পিছু লাগা,B,C,B,0,0,1,0.41592809255779606,0.044804513454437006,0.611707210540771,0.879735231399536,0.611707210540771,0.7482331991195671,0.49632450938224704
7121,0,ফাটাফাটি,মাথা ফাটাফাটি,A,C,C,1,0,0,0.0013154640814890001,0.01831105723977,0.011730559170246001,0.946637332439422,0.967248558998107,0.826434314250946,0.8635597229003901
7138,0,ফিলহাল,হালফিল,B,B,B,1,1,1,0.006576067414576001,0.37713250517845104,0.379996478557586,0.37713250517845104,0.379996478557586,0.19379934668540902,0.214770749211311
7141,0,ফুকো মস্তান,কাগুজে বাঘ,D,B,B,1,0,0,0.214402281520427,0.032944232225418,0.214082673192024,0.9018530845642091,0.288184493780136,0.646115481853485,0.159329339861869
7165,0,ফুলানো,ফোলানো,C,A,A,1,0,0,0.062813069144314,0.050683416426181,0.16431453824043202,0.888240575790405,0.586633503437042,0.7971726655960081,0.516848087310791
7276,0,বড়োলাট,কেউকেটা,C,A,B,0,0,0,0.216626844414426,0.07615841180086101,0.298487722873687,0.7050953507423401,0.31458553671836803,0.567682027816772,0.19991259276866902
7289,0,বত্রিশ নাড়ি ছেঁড়া ধন,বত্রিশ নাড়ির টান,B,D,D,1,0,0,0.10146190329019501,0.031231144443154002,0.19808349013328502,0.931461870670318,0.554384410381317,0.8012093305587761,0.411130905151367
7359,0,বশংবদ,চামচা,C,B,C,0,0,1,0.069915208865914,0.23093266785144803,0.376159369945526,0.49934965372085505,0.376159369945526,0.26685330271720803,0.12472633272409402
7396,0,বহুরূপী,গিরগিটি,D,C,A,0,0,0,0.22695163791890002,0.058915022760629,0.255247831344604,0.8825406432151791,0.290584206581115,0.7869577407836911,0.18843992054462402
7415,0,বাঁটুল,বাঁটকুল,B,C,C,1,0,0,0.000107597713594,0.253773838281631,0.254256755113601,0.290265262126922,0.30209791660308805,0.156431540846824,0.152523055672645
7485,0,বাংলা করে বলা,বাঙলা,C,A,A,1,0,0,0.0019185555069630002,0.055876046419143004,0.075069352984428,0.90704208612442,0.8701095581054681,0.765008628368377,0.763187766075134
7485,1,বাংলা করে বলা,বাংলায় বলা,C,A,A,1,0,0,0.000634353361632,0.055876046419143004,0.07061368227005001,0.90704208612442,0.8858710527420041,0.765008628368377,0.73732054233551
7575,0,বাপ-ঠাকুরদার আমল,বাপ-দাদার আমল,C,B,B,1,0,0,0.007979202661338001,0.012764013372361,0.034368105232715,0.9650448560714721,0.9037587046623231,0.878350913524627,0.7756052017211911
7584,0,বাপের জন্মে,বাপের কালে,A,B,B,1,0,0,0.031081103979106003,0.032599322497844,0.14192208647727902,0.953806161880493,0.7940341830253601,0.8156046271324151,0.630964577198028
7584,1,বাপের জন্মে,বাপের বয়সে,A,B,B,1,0,0,0.0015197169620090002,0.032599322497844,0.052366830408573005,0.953806161880493,0.9280587434768671,0.8156046271324151,0.7716909646987911
7602,0,বামুন ঠাকুর,বামণ ঠাকুর,A,B,B,1,0,0,0.028657550406095002,0.262405157089233,0.29339766502380304,0.335193336009979,0.51043677330017,0.29383727908134405,0.387713223695755
7637,0,বালিহীন বালিয়াড়ী,জলহীন জলাশয়,C,B,B,1,0,0,0.079796863684662,0.09513379633426601,0.28034049272537204,0.7393751144409181,0.349094718694686,0.636681735515594,0.22547565400600403
7667,0,বিড়ালের গলায় ঘণ্টা বাঁধা,ম্যাও ধরা,B,D,A,0,0,0,0.21568951977087,0.028328869491815,0.23940728604793501,0.756407976150512,0.31898123025894104,0.6756209731101991,0.205346420407295
7671,0,বিতিকিচ্ছিরি,বিতিকিচ্চি,B,A,A,1,0,0,0.00043673447828300005,0.27054977416992104,0.281243801116943,0.355452865362167,0.37306678295135504,0.273469567298889,0.294563502073287
7671,1,বিতিকিচ্ছিরি,বিতিকিচ্ছি,B,A,A,1,0,0,0.000113676372414,0.27054977416992104,0.278720945119857,0.355452865362167,0.359575927257537,0.273469567298889,0.280330181121826
7689,0,বিধিলিপি,বিধির নির্বন্ধ,D,D,B,0,1,0,0.016777841548835,0.326874524354934,0.26206088066101,0.326874524354934,0.45489165186882,0.202008128166198,0.277869075536727
7689,1,বিধিলিপি,বিধির বিধান,D,D,B,0,1,0,0.002326012783134,0.326874524354934,0.311920940876007,0.326874524354934,0.33771869540214505,0.202008128166198,0.220629379153251
7700,0,বিপদআপদ,আপদ-বালাই,C,A,A,1,0,0,0.08359061473875201,0.048191115260124005,0.181426286697387,0.9044833183288571,0.5539366602897641,0.79534888267517,0.362323939800262
7700,1,বিপদআপদ,ঝড়ঝাপটা,C,A,C,0,0,1,0.27350466923640904,0.048191115260124005,0.532547235488891,0.9044833183288571,0.532547235488891,0.79534888267517,0.406008213758468
7752,0,বুক দেওয়া,বুক দিয়ে পড়া,C,D,D,1,0,0,0.096494855535004,0.017617549747228,0.09739482402801501,0.8580550551414491,0.45175442099571206,0.702252566814422,0.266639173030853
7783,0,বুঝাপড়া,বোঝাপড়া,A,D,D,1,0,0,0.008031533182638,0.047386318445205,0.014885983429849,0.871003985404968,0.9409708380699151,0.779107272624969,0.852637827396392
7805,0,বুড়োময়না,ময়নী,D,B,B,1,0,0,0.0009711634572500001,0.026690946891903003,0.032063946127891,0.8820148706436151,0.8545040488243101,0.7044078111648561,0.5629615783691401
7805,1,বুড়োময়না,ময়নাবুড়ি,D,B,B,1,0,0,0.000294715113183,0.026690946891903003,0.030118346214294003,0.8820148706436151,0.879355072975158,0.7044078111648561,0.6677886843681331
7882,0,বেলা ফুরানো,বেলা যাওয়া,A,D,D,1,0,0,0.05306131274444301,0.14910072088241502,0.010176262818276001,0.7661971449851991,0.9698680639266961,0.6642745733261101,0.862074136734008
7950,0,ভজনভাজন,ভুজুংভাজুং,D,A,A,1,0,0,0.0018015407686250001,0.19431328773498502,0.22146287560462902,0.49361935257911604,0.47581917047500605,0.381201744079589,0.345735937356948
7968,0,ভরমের টাটি,ধোঁকার টাটি,C,A,A,1,0,0,0.0023202857058540003,0.015037426725029002,0.026668230071663003,0.96281760931015,0.93273240327835,0.7939740419387811,0.7506476044654841
7997,0,ভাঙচুর,তছনছ,B,D,A,0,0,0,0.279058625374758,0.011586993001401001,0.179413333535194,0.9379147291183471,0.35707154870033203,0.830587327480316,0.23860181868076302
7997,1,ভাঙচুর,লণ্ডভণ্ড,B,D,A,0,0,0,0.312364184383836,0.011586993001401001,0.208331584930419,0.9379147291183471,0.39674136042594904,0.830587327480316,0.23452278971672003
7999,0,ভাঙা কপাল,ফাটা কপাল,C,D,D,1,0,0,0.020622015018778,0.010785527527332,0.045923110097646005,0.9735715389251701,0.8689137697219841,0.8655682802200311,0.6209422349929811
8015,0,ভাঙা রেকর্ড বাজানো,ফাটা রেকর্ড বাজানো,A,C,C,1,0,0,0.018853187637353,0.004790335427969,0.031180094927549,0.9868306517601011,0.9033906459808351,0.9341738224029541,0.7504385113716121
8086,0,ভিদভিদে,গুজগুজিয়া,B,D,D,1,0,0,0.0014045322088520002,0.18745145201683003,0.19933967292308802,0.500354826450347,0.454285442829132,0.27775225043296803,0.255330473184585
8086,1,ভিদভিদে,গুজগুজে,B,D,D,1,0,0,0.0011120527012780002,0.18745145201683003,0.16746075451374,0.500354826450347,0.53657579421997,0.27775225043296803,0.343853920698165
8091,0,ভীমরতি,ভীমরথী,D,B,B,1,0,0,5.7951376398340225e-05,0.11268226802349,0.11157882958650502,0.376864254474639,0.37130606174468905,0.189602226018905,0.207252278923988
8114,0,ভূত তাড়ানো,ভূত ছাড়ানো,C,D,D,1,0,0,0.018158222098167,0.007251187227666001,0.028262702748179002,0.9660199284553521,0.862787008285522,0.8316020965576171,0.6812884211540221
8114,1,ভূত তাড়ানো,ভূত ভাগানো,C,D,D,1,0,0,0.00018316145020600002,0.007251187227666001,0.009749708697199001,0.9660199284553521,0.9592116475105281,0.8316020965576171,0.799701571464538
8177,0,ভ্যাজর-ভ্যাজর,ভ্যান-ভ্যান,A,A,B,0,1,0,0.093969047298618,0.32814875245094305,0.096704974770545,0.32814875245094305,0.738039433956146,0.175700590014457,0.524142444133758
8177,1,ভ্যাজর-ভ্যাজর,ভ্যানর-ভ্যানর,A,A,B,0,1,0,0.022639734717642003,0.32814875245094305,0.19203121960163103,0.32814875245094305,0.5162915587425231,0.175700590014457,0.31290271878242404
8193,0,মক-মক করা,মকমকানি,C,A,C,0,0,1,0.064386838038078,0.176408946514129,0.505825459957122,0.34670200943946805,0.505825459957122,0.20276023447513503,0.342459648847579
8272,0,মন ভুলানো,মন ভোলানো,D,A,A,1,0,0,0.025446144191939003,0.053334023803472005,0.18311245739459903,0.8728278279304501,0.7138006687164301,0.6971387863159181,0.588394701480865
8364,0,মরার সময় নেই,মরবার সময় নেই,D,A,A,1,0,0,0.019425493643005002,0.07794032245874401,0.11561457812786101,0.57699829339981,0.6460666060447691,0.34411939978599504,0.39964580535888605
8380,0,মস্তিষ্কচর্চা,মস্তিষ্কচালনা,C,A,A,1,0,0,0.017587565426446003,0.013376229442656,0.040908608585596,0.9241809844970701,0.7964323759078981,0.7574383020401001,0.592029333114624
8407,0,মাছি টেপা,মক্ষিচুষ,A,C,A,0,0,1,0.27599618816764404,0.06171105057001101,0.45976537466049106,0.8752338290214531,0.45976537466049106,0.7265241742134091,0.28610831499099704
8525,0,মাথায় খুন চড়া,মাথায় রক্ত চড়া,C,D,D,1,0,0,0.002805986898949,0.005276444833725,0.010031405836343,0.9840039610862731,0.9605270028114311,0.8822079300880431,0.8383880257606501
8525,1,মাথায় খুন চড়া,মাথায় খুন চাপা,C,D,D,1,0,0,0.0027906843983930003,0.005276444833725,0.012434632517397001,0.9840039610862731,0.9597337841987611,0.8822079300880431,0.82419866323471
8555,0,মাথার ঘি,ঘিলু,B,A,C,0,0,0,0.26552712830072,0.09716667234897601,0.29830577969551003,0.780004203319549,0.326497882604599,0.678264081478118,0.254073441028594
8563,0,মান-ইজ্জত,মানসম্ভ্রম,A,D,D,1,0,0,0.10556162614683101,0.055881660431623,0.205655544996261,0.8158831000328061,0.38121503591537403,0.6559291481971741,0.26453399658203103
8563,1,মান-ইজ্জত,মান সম্মান,A,D,A,0,0,1,0.15330716536425001,0.055881660431623,0.519217848777771,0.8158831000328061,0.519217848777771,0.6559291481971741,0.35002011060714705
8602,0,মারমুখো,মারকুটে,A,D,A,0,0,1,0.092191615608915,0.24173329770565002,0.50630235671997,0.591402828693389,0.50630235671997,0.42427548766136103,0.413077175617218
8666,0,মুখ ঘোরানো,মুখ ফেরানো,D,A,A,1,0,0,0.0015844676213100002,0.12200268357992101,0.10445383191108701,0.738258361816406,0.780988752841949,0.5441956520080561,0.5687987804412841
8683,0,মুখ ছোটানো,মুখ ছোটা,D,A,A,1,0,0,0.0010178070023130002,0.0024504943285130003,0.00529569806531,0.990350306034088,0.9795650243759151,0.9174442887306211,0.898694217205047
8686,0,মুখ ঝামটা দেওয়া,মুখতাড়া দেওয়া,C,B,B,1,0,0,0.00035613156424400003,0.150899484753608,0.14091575145721402,0.685138046741485,0.6768383979797361,0.549872815608978,0.5752629041671751
8736,0,মুখ মিঠে,মুখমিষ্টি,A,D,D,1,0,0,0.071004316426804,0.060101889073848,0.030970582738518004,0.504595816135406,0.84508341550827,0.23192596435546803,0.669524669647216
8771,0,মুখে চূণকালি দেওয়া,মুখে চূণকালি পড়া,A,D,D,1,0,0,0.0021614787840180004,0.035650115460157006,0.025858972221612,0.9192734360694881,0.9501424431800841,0.7771778702735901,0.8206599354743951
8771,1,মুখে চূণকালি দেওয়া,মুখে চূণকালি লাগা,A,D,D,1,0,0,0.00045063988574000003,0.035650115460157006,0.035954356193542,0.9192734360694881,0.9057286381721491,0.7771778702735901,0.7615202069282531
8818,0,মুড়া কোদালে দিঘি কাটা,কলার ভেলায় সাগরপার,C,D,B,0,0,0,0.34221635359318003,0.008604135364294,0.17251403629779802,0.9616533517837521,0.370757699012756,0.840017855167388,0.259526491165161
8818,1,মুড়া কোদালে দিঘি কাটা,খড়মপায়ে গঙ্গাপার,C,D,B,0,0,0,0.30382150686464005,0.008604135364294,0.17565906047821,0.9616533517837521,0.30057248473167403,0.840017855167388,0.188396528363227
8823,0,মুণ্ডু ঘুরে যাওয়া,মুণ্ড ঘুরে যাওয়া,D,C,C,1,0,0,0.00022017131982900002,0.11742503196001002,0.130519956350326,0.8354138731956481,0.8202652931213371,0.6724807024002071,0.649160742759704
8947,0,যা তা,যাহা তাহা,D,A,A,1,0,0,0.0062107934542890006,0.057755604386329006,0.058717571198940006,0.8087468147277831,0.724408328533172,0.648081958293914,0.5676411390304561
8955,0,যামঘোষ,ঘোষা,B,C,C,1,0,0,0.0013505953165310002,0.144811928272247,0.12631133198738,0.7967754602432251,0.832355499267578,0.7364730834960931,0.7635831236839291
9054,0,রবরবা,রমরমা,C,A,A,1,0,0,0.0033541107419420004,0.168197304010391,0.14432682096958102,0.43429070711135803,0.37827813625335605,0.27713486552238403,0.22077213227748801
9105,0,রাবণের চিতা,রাবণের চুলি,D,A,A,1,0,0,0.009767563035702,0.08555882424116101,0.034071732312440005,0.794013440608978,0.890807628631591,0.5503795146942131,0.700222313404083
9166,0,রেগে আগুন,রেগে টং,C,D,D,1,0,0,0.062478482515126006,0.013459029607474,0.10083942860364901,0.9399726390838621,0.673105776309967,0.8047484159469601,0.441798210144042
9217,0,লগনচাঁদ,চাঁদ,C,D,D,1,0,0,0.09070816008863901,0.004884369671344001,0.16100049018859802,0.9858981370925901,0.705113470554351,0.911423325538635,0.5330653190612791
9253,0,লাখ কথার এক কথা,লাখ কথার উপর এক কথা,B,C,C,1,0,0,0.014426271729127001,0.124227575957775,0.185370430350303,0.7380217909812921,0.579539060592651,0.543334186077117,0.38618519902229304
9300,0,লেখ-রে-লেখ,লিখ-রে-লিখ,D,B,B,1,0,0,0.006640794957696001,0.122691325843334,0.07417340576648701,0.7472232580184931,0.839798510074615,0.473277240991592,0.576099932193756
9301,0,লেখালেখি,লিখালিখি,C,D,D,1,0,0,0.010221982969999,0.065042965114116,0.047067333012819006,0.605462789535522,0.737684428691864,0.411491900682449,0.536532163619995
9378,0,লোহার কার্তিক,কেলে কার্তিক,D,B,B,1,0,0,0.048366748115173004,0.024037869647145,0.10365785658359501,0.9477966427803041,0.727887630462646,0.7968943715095521,0.539448082447052
9378,1,লোহার কার্তিক,কেলে ভূত,D,B,A,0,0,0,0.40252204634186506,0.024037869647145,0.27240321040153503,0.9477966427803041,0.395062297582626,0.7968943715095521,0.17598877847194602
9413,0,শয়তানের হাঁড়ি,আস্ত শয়তান,C,A,C,0,0,1,0.116009084010687,0.12249723821878401,0.557294130325317,0.854072749614715,0.557294130325317,0.8465659618377681,0.48427221179008406
9413,1,শয়তানের হাঁড়ি,ইবলিশ,C,A,A,1,0,0,0.202144143385167,0.12249723821878401,0.24881955981254503,0.854072749614715,0.29962199926376304,0.8465659618377681,0.260820716619491
9448,0,শিকেয় তুলে রাখা,শিকেয় তোলা,A,B,B,1,0,0,0.000237219833913,0.004670793190598,0.0039002851117400004,0.984940230846405,0.9892101883888241,0.8681256771087641,0.885757982730865
9459,0,শিবের অসাধ্য,শিবের বাবার অসাধ্য,C,A,A,1,0,0,0.0008736866896970001,0.274917274713516,0.30032524466514504,0.649208307266235,0.637256979942321,0.40085142850875805,0.372355759143829
9473,0,শিরদাঁড়াতে ঠাণ্ডাস্রোত বয়ে যাওয়া,শিরশিরানি,A,D,D,1,0,0,0.163982886876814,0.005203207489103001,0.126199036836624,0.973787426948547,0.5124052762985231,0.8692902326583861,0.332289308309555
9623,0,সবে ধন নীলমণি,শিবরাত্রির সলতে,C,A,C,0,0,1,0.41835067840660506,0.027003031224012004,0.413096785545349,0.9083953499794001,0.413096785545349,0.7925082445144651,0.21542774140834803
9710,0,সাত চড়ে রা কাড়ে না,সাতচড়ে রা কাড়ে/বেড়োয় না,D,B,B,1,0,0,9.792080038452421e-05,0.10362567752599701,0.10755056887865001,0.7069324851036071,0.6958018541336061,0.545456528663635,0.5614800453186031
9710,1,সাত চড়ে রা কাড়ে না,সাত চড়ে রা নেই,D,B,B,1,0,0,0.007071867178272,0.10362567752599701,0.091817982494831,0.7069324851036071,0.7943318486213681,0.545456528663635,0.6689073443412781
9744,0,সাধ্যসাধনা,সাধাসাধি,B,C,C,1,0,0,0.068872210977513,0.020024593919515003,0.07648025453090601,0.9266969561576841,0.631060540676116,0.795654296875,0.42755958437919606
9838,0,সোনায় সোহাগা,মণি-কাঞ্চন যোগ,D,A,D,0,0,1,0.395826900017533,0.042352553457021005,0.501344680786132,0.9096465110778801,0.501344680786132,0.7520346641540521,0.302258282899856
9901,0,হড়বড় করা,হড়বড়ানো,C,D,D,1,0,0,0.005246497348418,0.12177877128124201,0.13184715807437802,0.38766393065452504,0.39102610945701605,0.328428536653518,0.324717849493026
9903,0,হতচ্ছাড়া,হতভাগা,D,C,C,1,0,0,0.03578720837793,0.219412162899971,0.25367793440818703,0.302891016006469,0.513138771057128,0.191322773694992,0.342422008514404
9909,0,হাত্যে দেওয়া,ধর্ণা দেওয়া,D,A,D,0,0,1,0.076989022086538,0.123359896242618,0.29317191243171603,0.609132349491119,0.29317191243171603,0.45486620068550104,0.20491579174995403
9922,0,হয়কে নয় করা,দিনকে রাত করা,B,D,D,1,0,0,0.038346996565959,0.20765483379364003,0.196804821491241,0.605193138122558,0.37495630979537903,0.41190698742866505,0.26151394844055104
9931,0,হরদম,হরঘড়ি,D,B,B,1,0,0,0.001013100025631,0.246829330921173,0.21746508777141502,0.297130227088928,0.28685873746871904,0.22953310608863803,0.20569849014282202
10002,0,হাঁসলি,হাঁসুলি,B,D,D,1,0,0,0.00031779283419,0.20681078732013702,0.21426564455032301,0.298864901065826,0.276895254850387,0.21971184015274,0.21385744214057903
10023,0,হাজারি,ছোট হাজারি,C,B,B,1,0,0,0.005886642043526001,0.006583563517779001,0.019781194627285,0.975737214088439,0.9317273497581481,0.872213661670684,0.7464994788169861
10023,1,হাজারি,বড় হাজারি,C,B,B,1,0,0,0.001026359468453,0.006583563517779001,0.012093072757124,0.975737214088439,0.96003520488739,0.872213661670684,0.8316954970359801
10047,0,হাড়গোড় ভাঙা,তক্তা বানানো,B,C,A,0,0,0,0.410687283966198,0.012899143621325,0.20459635555744102,0.927431523799896,0.40514609217643704,0.7845600843429561,0.18620827794075
10047,1,হাড়গোড় ভাঙা,হাড় গুড়িয়ে দেওয়া,B,C,C,1,0,0,0.042968720033634,0.012899143621325,0.051129892468452,0.927431523799896,0.707393586635589,0.7845600843429561,0.46292299032211304
10190,0,হাতাহাতি,ধস্তাধস্তি,D,B,D,0,0,1,0.13739324173043602,0.114569120109081,0.35364344716072005,0.697850942611694,0.35364344716072005,0.5722079277038571,0.23019765317440002
10190,1,হাতাহাতি,মারামারি,D,B,D,0,0,1,0.22483162513711302,0.114569120109081,0.346505641937255,0.697850942611694,0.346505641937255,0.5722079277038571,0.22275997698307
10213,0,হাতে দড়ি,হাতকড়া দেওয়া,D,A,A,1,0,0,0.19732590120927002,0.010845202021300002,0.049917742609977,0.9747760891914361,0.468809187412261,0.8772552609443661,0.29299971461296004
10268,0,হাবুডুবু খাওয়া,নাকানিচুবানি খাওয়া,B,B,A,0,1,0,0.065532836624802,0.519136130809783,0.185869231820106,0.519136130809783,0.5069950819015501,0.33221697807312,0.296690464019775
10311,0,হা হতোস্মি,হা হন্ত,C,B,B,1,0,0,0.030313658730227,0.08215161412954301,0.131837874650955,0.6718958020210261,0.432629495859146,0.46104142069816506,0.242797523736953
10343,0,হুল্লোড় করা,হৈহুল্লোড় করা,A,B,B,1,0,0,2.0389095285518104e-05,0.055221620947122005,0.05792669951915701,0.93589848279953,0.9327389001846311,0.8238554000854491,0.840076029300689
