arm,family,relig_sig,n,accuracy,acc_lo,acc_hi,LAR,mean_conf
lod-lille-0.6b,D-hard,0,764,0.06282722513089005,0.04581151832460733,0.07984293193717278,0.856020942408377,0.7305535271139666
lod-lille-0.6b,D-hard,1,124,0.06451612903225806,0.024193548387096774,0.11290322580645161,0.8467741935483871,0.7669131017981035
lod-lille-0.6b,D-lit,0,764,0.06544502617801047,0.04842931937172775,0.0824607329842932,0.8887434554973822,0.7413663366390145
lod-lille-0.6b,D-lit,1,124,0.07258064516129033,0.03225806451612903,0.12096774193548387,0.8629032258064516,0.7698077511402867
lod-lille-0.6b,D-rand,0,764,0.48429319371727747,0.450261780104712,0.5183573298429318,,0.4444347128506102
lod-lille-0.6b,D-rand,1,124,0.4838709677419355,0.3951612903225806,0.5645161290322581,,0.46001407431979285
lod-lille-0.6b,D-sem,0,764,0.43455497382198954,0.3992146596858639,0.468586387434555,,0.44420188801918936
lod-lille-0.6b,D-sem,1,124,0.5161290322580645,0.41935483870967744,0.5969758064516119,,0.43854114893943985
lod-lille-0.6b,D-surf,0,764,0.41492146596858637,0.38089005235602097,0.45157068062827227,,0.4536503620484732
lod-lille-0.6b,D-surf,1,124,0.3951612903225806,0.3064516129032258,0.4838709677419355,,0.47162064982037344
