arm,family,scape,n,accuracy,acc_lo,acc_hi,LAR,mean_conf
lod-lille-0.6b,D-hard,city,31,0.03225806451612903,0.0,0.0967741935483871,0.8064516129032258,0.717151940830292
lod-lille-0.6b,D-hard,country,759,0.06587615283267458,0.048748353096179184,0.08300395256916997,0.8511198945981555,0.7360936499474388
lod-lille-0.6b,D-hard,deep rural,98,0.05102040816326531,0.01020408163265306,0.10204081632653061,0.8979591836734694,0.7378911108386756
lod-lille-0.6b,D-lit,city,31,0.06451612903225806,0.0,0.16129032258064516,0.8709677419354839,0.7230247672527065
lod-lille-0.6b,D-lit,country,759,0.06719367588932806,0.05006587615283267,0.08563899868247694,0.8853754940711462,0.7459507612842813
lod-lille-0.6b,D-lit,deep rural,98,0.061224489795918366,0.02040816326530612,0.11224489795918367,0.8877551020408163,0.7476494564693799
lod-lille-0.6b,D-rand,city,31,0.4838709677419355,0.32177419354838716,0.6774193548387096,,0.45581524602828455
lod-lille-0.6b,D-rand,country,759,0.4980237154150198,0.461133069828722,0.5349143610013175,,0.4480907600152158
lod-lille-0.6b,D-rand,deep rural,98,0.37755102040816324,0.2755102040816326,0.46938775510204084,,0.432231697500968
lod-lille-0.6b,D-sem,city,31,0.41935483870967744,0.25806451612903225,0.5806451612903226,,0.4365264004276643
lod-lille-0.6b,D-sem,country,759,0.45322793148880103,0.4163372859025033,0.4874835309617918,,0.4440886796463144
lod-lille-0.6b,D-sem,deep rural,98,0.3979591836734694,0.29591836734693877,0.5,,0.44034406786062236
lod-lille-0.6b,D-surf,city,31,0.4838709677419355,0.2903225806451613,0.6774193548387096,,0.48340483057883443
lod-lille-0.6b,D-surf,country,759,0.4163372859025033,0.383399209486166,0.4505928853754941,,0.4569520689203487
lod-lille-0.6b,D-surf,deep rural,98,0.35714285714285715,0.2653061224489796,0.45918367346938777,,0.44140476657419747
