arm,family,n_words,n,accuracy,acc_lo,acc_hi,LAR,mean_conf
lod-lille-0.6b,D-hard,1,361,0.08587257617728532,0.05817174515235457,0.11364265927977801,0.7977839335180056,0.68667056487868
lod-lille-0.6b,D-hard,2,345,0.03768115942028986,0.020289855072463767,0.06086956521739131,0.8985507246376812,0.7786913014840385
lod-lille-0.6b,D-hard,3,110,0.05454545454545454,0.01818181818181818,0.1,0.8818181818181818,0.7600505419752812
lod-lille-0.6b,D-hard,4,51,0.0392156862745098,0.0,0.09803921568627451,0.9215686274509803,0.769732252055523
lod-lille-0.6b,D-lit,1,361,0.08310249307479224,0.05817174515235457,0.11357340720221606,0.8254847645429363,0.6853869190011325
lod-lille-0.6b,D-lit,2,345,0.043478260869565216,0.02318840579710145,0.06666666666666667,0.9333333333333333,0.7947287286537278
lod-lille-0.6b,D-lit,3,110,0.07272727272727272,0.02727272727272727,0.12727272727272726,0.9181818181818182,0.7778871519999068
lod-lille-0.6b,D-lit,4,51,0.0392156862745098,0.0,0.09803921568627451,0.9411764705882353,0.7947447592136904
lod-lille-0.6b,D-rand,1,361,0.4598337950138504,0.407202216066482,0.5124653739612188,,0.4239243258234532
lod-lille-0.6b,D-rand,2,345,0.4811594202898551,0.4260869565217391,0.5362318840579711,,0.468315618452818
lod-lille-0.6b,D-rand,3,110,0.5818181818181818,0.4909090909090909,0.6818181818181818,,0.4675134358080947
lod-lille-0.6b,D-rand,4,51,0.4117647058823529,0.27450980392156865,0.5490196078431373,,0.4320225405926793
lod-lille-0.6b,D-sem,1,361,0.4265927977839335,0.3739612188365651,0.481994459833795,,0.4324017263680609
lod-lille-0.6b,D-sem,2,345,0.45217391304347826,0.4,0.5043478260869565,,0.45276403988617003
lod-lille-0.6b,D-sem,3,110,0.5,0.4090909090909091,0.6,,0.46494142602790445
lod-lille-0.6b,D-sem,4,51,0.45098039215686275,0.3137254901960784,0.5882352941176471,,0.42943343403292594
lod-lille-0.6b,D-surf,1,361,0.45429362880886426,0.40166204986149584,0.5013850415512465,,0.4255595387184054
lod-lille-0.6b,D-surf,2,345,0.37971014492753624,0.32753623188405795,0.43195652173913,,0.4897154113520742
lod-lille-0.6b,D-surf,3,110,0.4090909090909091,0.3181818181818182,0.5,,0.4707938627763224
lod-lille-0.6b,D-surf,4,51,0.35294117647058826,0.23529411764705882,0.47058823529411764,,0.4375978871887802
