id,n_distinct_key,n_distinct_option,accuracy,p_gold_mean,p_gold_std,p_gold_range,conf_range,answer_unstable,correctness_varies,arm
31,4,1,0.0,0.019482217729091086,0.0021933868936985777,0.007418708875775001,0.054369866847992054,False,False,lod-lille-0.6b
191,4,1,0.0,0.15587309002876223,0.016558815487436186,0.055103629827499,0.10817009210586603,False,False,lod-lille-0.6b
230,4,1,0.0,0.027513707987963834,0.0016191901566686914,0.005892755463719,0.014761805534362904,False,False,lod-lille-0.6b
242,4,1,0.0,0.006382297588667042,0.0004736683787005049,0.0016200128011409996,0.0023737549781799316,False,False,lod-lille-0.6b
305,4,2,0.75,0.44093228504061655,0.013299668565896422,0.039843380451203,0.037306010723114014,True,True,lod-lille-0.6b
336,4,1,0.0,0.12991389104475537,0.007852395069520693,0.02611277997493701,0.043193280696868896,False,False,lod-lille-0.6b
365,4,1,0.0,0.007175292063038334,0.0007663927159268707,0.0023477296344940005,0.007867991924286,False,False,lod-lille-0.6b
379,4,1,0.0,0.2816987683375673,0.013704986036560623,0.04518157243728699,0.043668031692504994,False,False,lod-lille-0.6b
481,4,1,1.0,0.43790574247638325,0.0178677119919119,0.06172934174537603,0.06172934174537603,False,False,lod-lille-0.6b
586,4,1,0.0,0.07396175557126554,0.0034709993313224775,0.011645145714283003,0.03786754608154297,False,False,lod-lille-0.6b
635,4,1,0.0,0.10212913093467517,0.004560613076981141,0.015846416354179008,0.023029685020446,False,False,lod-lille-0.6b
658,4,1,0.0,0.07923583655307641,0.008274824658894292,0.025552451610565005,0.036476910114288,False,False,lod-lille-0.6b
668,4,1,0.0,0.11786171266188174,0.016584243658118107,0.055604487657547,0.08378428220748901,False,False,lod-lille-0.6b
681,4,1,0.0,0.14513648611803795,0.010945980095567355,0.03362107276916501,0.066616982221603,False,False,lod-lille-0.6b
721,4,2,0.3333333333333333,0.2954474178453282,0.01909953278229783,0.052725434303284024,0.047701805830002,True,True,lod-lille-0.6b
747,4,1,0.0,0.31686917940775505,0.013376047415562078,0.04531764984130804,0.05268216133117709,False,False,lod-lille-0.6b
799,4,1,0.0,0.02264682374273683,0.0015939827576224247,0.005466936156153998,0.011992990970612016,False,False,lod-lille-0.6b
838,4,1,1.0,0.8619199891885118,0.06644758366485558,0.22466850280761697,0.22466850280761697,False,False,lod-lille-0.6b
846,4,1,0.0,0.05878941714763588,0.003954384980946687,0.014041382819415006,0.020341694355010986,False,False,lod-lille-0.6b
851,4,1,0.0,0.029025936344017084,0.002910382183015272,0.009947074577212004,0.019647121429444026,False,False,lod-lille-0.6b
863,4,1,0.0,0.07930003292858566,0.011257048044432262,0.030425950884819003,0.04505926370620705,False,False,lod-lille-0.6b
873,4,1,0.0,0.13806467782705986,0.01668941753194057,0.058741167187691,0.06295037269592296,False,False,lod-lille-0.6b
931,4,1,0.0,0.009490923490374833,0.0010980387011642115,0.0032896278426050004,0.007190287113190141,False,False,lod-lille-0.6b
980,4,1,0.0,0.015784765516096876,0.0023083623914572997,0.008705649524927,0.015781462192534734,False,False,lod-lille-0.6b
1029,4,1,0.0,0.1281772628426546,0.006871406183277292,0.023868605494499998,0.04625731706619307,False,False,lod-lille-0.6b
1034,4,2,0.5833333333333334,0.3848165112237132,0.010374100785391503,0.03863003849983204,0.03005701303482,True,True,lod-lille-0.6b
1142,4,2,0.3333333333333333,0.3199598453938956,0.015977221833334453,0.05251148343086198,0.05697607994079501,True,True,lod-lille-0.6b
1157,4,2,0.16666666666666666,0.3261446257432297,0.01708817508312581,0.055768698453902976,0.03768259286880499,True,True,lod-lille-0.6b
1159,4,1,0.0,0.20675948696831803,0.009478351163194166,0.031499594449997004,0.059451401233672985,False,False,lod-lille-0.6b
1166,4,1,0.0,0.10681134276092008,0.004933404340643028,0.015351556241512007,0.021316826343537043,False,False,lod-lille-0.6b
1249,4,1,0.0,0.07318319007754283,0.004821438968833026,0.019084215164184,0.04688835144042991,False,False,lod-lille-0.6b
1250,4,1,0.0,0.08906280777106634,0.011375077147089461,0.03974069654941599,0.07248908281326294,False,False,lod-lille-0.6b
1279,4,1,0.0,0.22171302263935358,0.014887817785843107,0.047024860978126026,0.08210930228233299,False,False,lod-lille-0.6b
1328,4,1,0.0,0.1728949584066863,0.008646095348817055,0.028084501624107,0.07195028662681507,False,False,lod-lille-0.6b
1444,4,1,0.0,0.10304767172783563,0.003966941056618299,0.016011267900467002,0.030135810375212957,False,False,lod-lille-0.6b
1496,4,1,0.0,0.03859996135967429,0.005219736640682565,0.017205446958542002,0.04616850614547696,False,False,lod-lille-0.6b
1519,4,1,1.0,0.4989348836243148,0.011748282881407104,0.03969767689704906,0.03969767689704906,False,False,lod-lille-0.6b
1564,4,1,0.0,0.07156746694818088,0.012152495458347585,0.032264821231365995,0.055215179920196866,False,False,lod-lille-0.6b
1576,4,1,0.0,0.03025721875019333,0.006568897237493365,0.020144598558545005,0.047301113605498935,False,False,lod-lille-0.6b
1605,4,1,0.0,0.00687555565188275,0.0009331661751818345,0.002854741644115,0.008790373802185059,False,False,lod-lille-0.6b
1618,4,3,0.0,0.20151990341643444,0.017164942182500025,0.05542242527008101,0.057445287704467995,True,False,lod-lille-0.6b
1621,4,1,0.0,0.03858204403271213,0.0034295950257033016,0.011698801070451001,0.02041703462600697,False,False,lod-lille-0.6b
1642,4,1,0.0,0.00845275171256275,0.0010738783421950211,0.003689338918775,0.011998593807220015,False,False,lod-lille-0.6b
1660,4,1,0.0,0.04795484989881471,0.007492129254520288,0.021633569151162997,0.10875570774078391,False,False,lod-lille-0.6b
1677,4,1,1.0,0.6160055423776304,0.005498250201235582,0.017331063747406006,0.017331063747406006,False,False,lod-lille-0.6b
1702,3,2,0.5,0.2885530504087603,0.012172741235480402,0.040275841951371016,0.027330905199051014,True,True,lod-lille-0.6b
1780,4,1,0.0,0.1811851927389696,0.010929323898645447,0.030172377824782992,0.049912840127945,False,False,lod-lille-0.6b
1802,4,1,0.0,0.1500543076544995,0.009542758574381659,0.03266666829586001,0.01897335052490201,False,False,lod-lille-0.6b
1811,4,1,0.0,0.024599808423468917,0.0028288738062491447,0.008925825357437002,0.022564530372618963,False,False,lod-lille-0.6b
1868,4,1,1.0,0.7487747098008789,0.029428576394494862,0.10034674406051602,0.10034674406051602,False,False,lod-lille-0.6b
1966,3,2,0.5,0.30772186319033257,0.017788508790627107,0.04728949069976801,0.04107302427291898,True,True,lod-lille-0.6b
2071,4,2,0.25,0.3013821666439371,0.012449212923277372,0.04610860347747803,0.05799245834350597,True,True,lod-lille-0.6b
2086,4,1,0.0,0.016269066720269124,0.0021610488384266155,0.0074955951422449995,0.015591800212859996,False,False,lod-lille-0.6b
2156,4,1,0.0,0.0064025218210488335,0.0009068305991693108,0.0027983617037530004,0.004959046840667947,False,False,lod-lille-0.6b
2161,4,1,0.0,0.26178846632440833,0.011344729503263897,0.034158214926720026,0.03297668695449801,False,False,lod-lille-0.6b
2254,4,1,0.0,0.268322917943199,0.028117238677033522,0.09401254355907399,0.096951603889465,False,False,lod-lille-0.6b
2298,4,1,0.0,0.16834331179658524,0.009426889664362227,0.032160758972167997,0.04044431447982799,False,False,lod-lille-0.6b
2315,4,1,0.0,0.04654593175897954,0.003959490628751431,0.012973964214325,0.039547920227051,False,False,lod-lille-0.6b
2404,4,1,0.0,0.017258775847342502,0.0010283989231352562,0.0036619249731300024,0.006815373897553045,False,False,lod-lille-0.6b
2559,4,1,0.0,0.05552236083894921,0.004033259739666645,0.013362005352973993,0.02746480703353904,False,False,lod-lille-0.6b
2565,4,1,0.0,0.013109701724411999,0.002200466311731521,0.006749345920980001,0.019213020801543967,False,False,lod-lille-0.6b
2581,4,1,0.0,0.050654259355117415,0.006718251576411412,0.022756733000278,0.07533562183380094,False,False,lod-lille-0.6b
2631,4,1,0.0,0.21414409329493778,0.024401197220160625,0.07656949758529602,0.08447581529617298,False,False,lod-lille-0.6b
2739,4,1,0.0,0.018318210534440417,0.0017542068594140767,0.006081748753786,0.009471774101257213,False,False,lod-lille-0.6b
2753,4,1,0.0,0.2642920650541778,0.02005146716349072,0.067061766982079,0.08990034461021401,False,False,lod-lille-0.6b
2792,3,4,0.20833333333333334,0.254864641775687,0.01519622113057437,0.04400965571403498,0.029878169298171997,True,True,lod-lille-0.6b
2862,4,2,0.8333333333333334,0.289695976922909,0.013898318972721597,0.04961991310119701,0.043567240238189975,True,True,lod-lille-0.6b
2913,4,1,0.0,0.2959698997437949,0.020082341020929827,0.065303385257721,0.07010924816131603,False,False,lod-lille-0.6b
2975,4,1,0.0,0.03853527720396666,0.0027935694212170127,0.009314030408859003,0.01813828945159901,False,False,lod-lille-0.6b
3064,4,1,0.0,0.1839957125484937,0.007064999982782058,0.024096563458442993,0.04452851414680503,False,False,lod-lille-0.6b
3075,4,1,0.0,0.014981727697886,0.0010664690114201378,0.003306424245237999,0.011139333248139205,False,False,lod-lille-0.6b
3082,4,1,0.0,0.04172535489002808,0.0035242926762729786,0.011740028858184995,0.022723615169524924,False,False,lod-lille-0.6b
3137,4,1,0.0,0.19130181583265413,0.012890006833680964,0.04004406929016102,0.04581627249717796,False,False,lod-lille-0.6b
3145,4,1,0.0,0.1446118690073485,0.011310873180636338,0.031331121921539,0.03663387894630399,False,False,lod-lille-0.6b
3158,4,1,0.0,0.19793118226031411,0.007116691904707712,0.0233563631773,0.014630466699599998,False,False,lod-lille-0.6b
3162,4,1,0.0,0.13308915433784266,0.01635831517071688,0.05329225212335602,0.07373958826065108,False,False,lod-lille-0.6b
3165,4,1,0.0,0.3982884225745991,0.028410004972299768,0.08308973908424405,0.08478438854217607,False,False,lod-lille-0.6b
3265,4,1,0.0,0.29579398656884776,0.007830999851982864,0.027134478092192993,0.03116032481193498,False,False,lod-lille-0.6b
3266,4,1,0.0,0.008955817708434625,0.0008720965509680536,0.0031192316673700005,0.011970281600951926,False,False,lod-lille-0.6b
3285,4,2,0.75,0.2920559768875434,0.023578961837793462,0.066915392875671,0.06542831659317,True,True,lod-lille-0.6b
3288,4,1,0.0,0.04430674249306271,0.0021335155420798835,0.0071478411555289945,0.014180481433868075,False,False,lod-lille-0.6b
3323,4,1,0.0,0.025611527419338084,0.00223038828158944,0.006957106292247998,0.018913328647613192,False,False,lod-lille-0.6b
3331,4,2,0.0,0.21000000399847785,0.026296808070408583,0.07825915515422899,0.06987631320953402,True,False,lod-lille-0.6b
3430,4,1,0.0,0.0038714522379445417,0.000674214102868892,0.0021618017926809995,0.005521416664122758,False,False,lod-lille-0.6b
3435,4,1,0.0,0.025072912840792997,0.0037504327234722614,0.012811318039893996,0.01489681005477883,False,False,lod-lille-0.6b
3495,4,1,0.0,0.04369081649929233,0.00811696223216328,0.023219481110572,0.030375957489014005,False,False,lod-lille-0.6b
3591,3,2,0.5,0.28280454128980587,0.01805272144551643,0.05774816870689403,0.033616483211517,True,True,lod-lille-0.6b
3625,4,1,0.0,0.16485246953864838,0.014401327966887574,0.046142920851708014,0.04870879650116,False,False,lod-lille-0.6b
3630,4,1,0.0,0.038654313267518496,0.006792824275023986,0.021415552124380996,0.033499300479888916,False,False,lod-lille-0.6b
3663,4,1,0.0,0.03770523572651004,0.009220293772378867,0.031919006258250004,0.07124578952789296,False,False,lod-lille-0.6b
3734,4,1,0.0,0.392184281100829,0.04084211332224029,0.10695549845695501,0.11041343212127708,False,False,lod-lille-0.6b
3765,4,1,0.0,0.005120538795987292,0.0006573477799845015,0.0020870575681329996,0.05335783958434992,False,False,lod-lille-0.6b
3871,4,1,0.0,0.033055830514058,0.005067583111949713,0.017987372353673,0.03206551074981712,False,False,lod-lille-0.6b
3926,4,1,0.0,0.034206510909522,0.009874943103014303,0.030250836163759,0.09232330322265703,False,False,lod-lille-0.6b
4011,4,1,0.0,0.2241107604155932,0.019773858472394382,0.06074588000774403,0.08882194757461492,False,False,lod-lille-0.6b
4035,4,1,0.0,0.016797195343921083,0.003448855234198234,0.010477012023330002,0.04124641418456998,False,False,lod-lille-0.6b
4077,4,1,0.0,0.051334339814880954,0.007910560995743809,0.025878190994263,0.05280232429504306,False,False,lod-lille-0.6b
4093,4,1,0.0,0.006590514540827083,0.0017306749455794992,0.005578670650721,0.013108849525451216,False,False,lod-lille-0.6b
4130,4,1,0.0,0.013001957481416,0.0021732347828220416,0.006987106986343999,0.034192442893981934,False,False,lod-lille-0.6b
4202,3,2,0.0,0.15264670302470484,0.02009247668048248,0.06248353421687999,0.08369979262352001,True,False,lod-lille-0.6b
4265,4,1,0.0,0.019002943454930626,0.0016527801617622954,0.005201878026127,0.01015502214431796,False,False,lod-lille-0.6b
4353,4,3,0.0,0.16352560246984116,0.016169684014517953,0.04954476654529599,0.05648964643478405,True,False,lod-lille-0.6b
4368,4,1,0.0,0.2450532627602414,0.010172562414794998,0.025560632348060996,0.03203555941581698,False,False,lod-lille-0.6b
4394,3,2,0.6666666666666666,0.37713716427485106,0.033534253721863916,0.089358180761338,0.04169416427612399,True,True,lod-lille-0.6b
4466,4,2,0.25,0.46176940451065657,0.028019366578031096,0.086486846208572,0.07202142477035506,True,True,lod-lille-0.6b
4477,4,1,0.0,0.04269592013830887,0.0036415257186162794,0.013058528304100002,0.019073963165283203,False,False,lod-lille-0.6b
4480,4,1,0.0,0.11836488389720475,0.007225502575921193,0.027028150856495,0.026512920856476052,False,False,lod-lille-0.6b
4500,4,1,0.0,0.014911653085921793,0.0016786058407705423,0.005829225294292001,0.010765075683593972,False,False,lod-lille-0.6b
4542,4,1,0.0,0.17478303797543002,0.007655249383651405,0.02555596828460699,0.03241187334060702,False,False,lod-lille-0.6b
4551,4,1,0.0,0.20066654868423892,0.008379150431531649,0.030943557620048995,0.04691886901855502,False,False,lod-lille-0.6b
4605,4,1,0.0,0.054669174986580464,0.003095105406863172,0.011883582919835996,0.13424763083457908,False,False,lod-lille-0.6b
4635,4,1,0.0,0.005368560125740292,0.0006878990901947909,0.001962987240404,0.005331456661225142,False,False,lod-lille-0.6b
4741,4,1,0.0,0.05806565036376258,0.006179309219541901,0.01677318289876,0.03174281120300293,False,False,lod-lille-0.6b
4815,4,1,0.0,0.1057350443055227,0.0065617957351930285,0.021053254604340002,0.026905059814453014,False,False,lod-lille-0.6b
4819,4,1,0.0,0.009140005800872542,0.0007321430499477861,0.0023056818172339996,0.006938219070434015,False,False,lod-lille-0.6b
4867,4,1,0.0,0.0165179110675425,0.0026259446696058897,0.0074125705286860015,0.027298748493194913,False,False,lod-lille-0.6b
4869,4,1,0.0,0.06221961043775034,0.0037187693485109872,0.012838296592235995,0.008870184421538974,False,False,lod-lille-0.6b
4909,4,1,0.0,0.0066284099593753336,0.000558641252490632,0.0018461463041609992,0.034237921237945,False,False,lod-lille-0.6b
4927,4,1,0.0,0.07118965002397658,0.004688809214260976,0.013935953378678007,0.015100538730621005,False,False,lod-lille-0.6b
4994,4,1,0.0,0.16922375125189562,0.011121413108094759,0.033107250928879006,0.03358966112136902,False,False,lod-lille-0.6b
5041,4,1,0.0,0.032220379294206125,0.004819006662122947,0.014873502776025997,0.03781729936599687,False,False,lod-lille-0.6b
5045,4,1,0.0,0.02682120671185304,0.002513185448239765,0.007790658622980999,0.0191231369972229,False,False,lod-lille-0.6b
5060,3,2,0.0,0.16548741484681714,0.009907984213573875,0.032467201352119,0.04903185367584201,True,False,lod-lille-0.6b
5086,4,1,0.0,0.09166212317844184,0.013440257003417985,0.037702493369578996,0.067213594913483,False,False,lod-lille-0.6b
5160,4,1,0.0,0.07900396517167436,0.010189299940149485,0.031064026057720004,0.244917213916778,False,False,lod-lille-0.6b
5176,4,1,0.0,0.10856825020164212,0.022615911070341374,0.064901545643807,0.061868548393249956,False,False,lod-lille-0.6b
5215,4,2,0.0,0.09959083391974329,0.009359935473000217,0.02647456526756299,0.06668341159820601,True,False,lod-lille-0.6b
5223,4,1,1.0,0.41808293635646465,0.025508175685603457,0.07795658707618697,0.07795658707618697,False,False,lod-lille-0.6b
5234,4,1,0.0,0.06693055589372862,0.011476406668649592,0.034785605967045004,0.039836168289185236,False,False,lod-lille-0.6b
5297,4,1,0.0,0.02046312903985325,0.003262211309669311,0.009955335408449,0.028612792491913064,False,False,lod-lille-0.6b
5360,4,1,0.0,0.017280982729667875,0.0011331434845301145,0.0037409812211989975,0.007104277610779031,False,False,lod-lille-0.6b
5363,4,1,0.0,0.021740094060077708,0.002309257769949962,0.008046722039579998,0.03462111949920599,False,False,lod-lille-0.6b
5383,4,1,0.0,0.0506281028501685,0.004672875548137366,0.015701554715632997,0.028681576251983976,False,False,lod-lille-0.6b
5402,4,2,0.08333333333333333,0.38036173830429654,0.02911274257486725,0.090129345655441,0.07639551162719804,True,True,lod-lille-0.6b
5464,4,1,0.0,0.3287261389195914,0.00808912782228214,0.023745894432067982,0.04893463850021407,False,False,lod-lille-0.6b
5515,4,1,0.0,0.06380555282036413,0.006435312366261577,0.020067416131496006,0.03591459989547696,False,False,lod-lille-0.6b
5540,4,1,1.0,0.47281427433093354,0.03699621456694198,0.11847972869873097,0.11847972869873097,False,False,lod-lille-0.6b
5541,4,1,0.0,0.14777775170902366,0.012078960973160637,0.037538081407547,0.05487942695617598,False,False,lod-lille-0.6b
5542,4,1,0.0,0.041378268661597876,0.00417028340532521,0.011879384517670004,0.03363054990768399,False,False,lod-lille-0.6b
5550,4,1,0.0,0.15654501070578844,0.008922189613036589,0.03631979227066101,0.060515522956848034,False,False,lod-lille-0.6b
5562,4,1,0.0,0.012143861036747167,0.0007061364136333508,0.002627890557051,0.13339334726333596,False,False,lod-lille-0.6b
5586,4,1,0.0,0.249253425126274,0.01794156328673081,0.059968292713165006,0.06486332416534402,False,False,lod-lille-0.6b
5599,4,1,0.0,0.012999645240294082,0.0011180207942715805,0.003764554858207,0.00527781248092607,False,False,lod-lille-0.6b
5637,4,1,0.0,0.09028106772651225,0.0045795187092130514,0.014901340007781996,0.040310978889465,False,False,lod-lille-0.6b
5690,4,1,0.0,0.2513098412503793,0.013841812032549835,0.043610155582428034,0.057168513536454024,False,False,lod-lille-0.6b
5696,4,1,0.0,0.01242501304174421,0.0009325735674559289,0.0028537577018139994,0.0039060115814212315,False,False,lod-lille-0.6b
5711,4,1,0.0,0.017932925373315253,0.0034095837557052504,0.010026894509792,0.016392648220061923,False,False,lod-lille-0.6b
5715,4,1,0.0,0.0045330768043635415,0.0006031615152719749,0.0022425064817070003,0.045789361000060924,False,False,lod-lille-0.6b
5723,4,1,0.0,0.400114146371682,0.02879888429721452,0.08634945750236495,0.09072858095169106,False,False,lod-lille-0.6b
5804,4,1,0.0,0.1833138801157471,0.014451576972574143,0.04906514286994901,0.06854158639907904,False,False,lod-lille-0.6b
5807,4,1,0.0,0.017435669510935208,0.002268671538771983,0.006208493374288001,0.014393627643584872,False,False,lod-lille-0.6b
5857,4,1,0.0,0.08951909715930562,0.008826218145469408,0.029583849012851993,0.06168591976165705,False,False,lod-lille-0.6b
5911,4,1,0.0,0.04166697245091163,0.008986387806159162,0.030468448996544,0.06436127424240112,False,False,lod-lille-0.6b
5980,4,1,0.0,0.012725857823776374,0.0032239433281124686,0.010515460744499999,0.025784432888031228,False,False,lod-lille-0.6b
6066,4,1,0.0,0.05330134260778571,0.0022634151906062447,0.008327458053827001,0.014976859092711958,False,False,lod-lille-0.6b
6081,4,1,0.0,0.1491575775047139,0.009870456929991663,0.036711275577545,0.04984262585639998,False,False,lod-lille-0.6b
6097,4,1,0.0,0.05567586018393387,0.005876279958402609,0.017545375972986,0.04062014818191506,False,False,lod-lille-0.6b
6111,4,1,0.0,0.06403034133836576,0.004807392791079548,0.015741508454085,0.034976303577422985,False,False,lod-lille-0.6b
6120,4,1,0.0,0.044826651302476206,0.0027696591544565915,0.00784407928586,0.010989487171172763,False,False,lod-lille-0.6b
6165,4,1,0.0,0.029930930739889044,0.002958830227022909,0.009571779519319996,0.059657692909239946,False,False,lod-lille-0.6b
6183,4,1,0.0,0.03666021573978121,0.0034120037771992705,0.009695092216133998,0.011365890502929021,False,False,lod-lille-0.6b
6253,4,1,0.0,0.037200424742574005,0.006267023856995719,0.022726878523826998,0.05523300170898393,False,False,lod-lille-0.6b
6323,4,1,0.0,0.01271299827688621,0.0010426474478051847,0.0031926548108459993,0.008177757263184149,False,False,lod-lille-0.6b
6336,4,1,0.0,0.05323093834643521,0.004317749443949109,0.015312563627958999,0.10707813501357999,False,False,lod-lille-0.6b
6354,4,1,0.0,0.026199176364267374,0.0017359264790304894,0.006317909806967,0.014787018299102006,False,False,lod-lille-0.6b
6396,4,1,0.0,0.05426894857858571,0.0016938930474585925,0.006518866866827004,0.006164848804473988,False,False,lod-lille-0.6b
6399,4,1,1.0,0.4753526349862412,0.031788075816251225,0.09635424613952703,0.09635424613952703,False,False,lod-lille-0.6b
6430,4,1,0.0,0.03202180812756171,0.0017508261280266134,0.006127225235104002,0.012432277202605979,False,False,lod-lille-0.6b
6538,4,1,0.0,0.05145188467577055,0.005768910129950825,0.017673131078481,0.03258109092712402,False,False,lod-lille-0.6b
6581,4,1,0.0,0.07489711573968279,0.006461879095991137,0.02316664904356,0.035269379615782914,False,False,lod-lille-0.6b
6582,4,1,0.0,0.08077154401689725,0.005092980388606531,0.015586078166962003,0.0205358266830441,False,False,lod-lille-0.6b
6670,4,1,0.0,0.06202004803344562,0.00813410719891809,0.024349540472029994,0.026651799678801935,False,False,lod-lille-0.6b
6706,4,1,0.0,0.1768408734351392,0.03252930002365299,0.10506831109523801,0.10601067543029796,False,False,lod-lille-0.6b
6746,4,1,0.0,0.05647523344183913,0.006857126154598782,0.023887809365987,0.04080659151077315,False,False,lod-lille-0.6b
6753,4,1,0.0,0.033010002458467545,0.003574139058222038,0.009849440306425004,0.03387027978897106,False,False,lod-lille-0.6b
6763,4,1,0.0,0.013651792542077124,0.00164556116564063,0.006130800582467998,0.017776012420655185,False,False,lod-lille-0.6b
6812,4,1,0.0,0.03814078805347229,0.002708738992986025,0.007765755057333998,0.023143827915191983,False,False,lod-lille-0.6b
6877,4,1,0.0,0.011134523549116543,0.0017365437032400895,0.005110920406878,0.012860417366028165,False,False,lod-lille-0.6b
6885,4,1,0.0,0.047983498622973124,0.0025494383672192136,0.008668623864650997,0.009788870811461958,False,False,lod-lille-0.6b
6890,4,2,0.0,0.12679277391483337,0.010156959098137451,0.029693402349948994,0.050392717123032005,True,False,lod-lille-0.6b
6912,4,1,0.0,0.15364483495553288,0.01032728220641278,0.031449779868126,0.04079145193099898,False,False,lod-lille-0.6b
6928,4,1,0.0,0.05785957134018296,0.0028077975129842288,0.008317835628986005,0.016514360904694048,False,False,lod-lille-0.6b
6954,4,1,0.0,0.03478511065865504,0.0018236943679432118,0.006729636341333001,0.023458302021025945,False,False,lod-lille-0.6b
6966,4,1,1.0,0.3770678825676437,0.011201059785732539,0.04324400424957203,0.04324400424957203,False,False,lod-lille-0.6b
6996,4,1,0.0,0.09452667770286359,0.007591562881175642,0.022508703172207004,0.03397330641746599,False,False,lod-lille-0.6b
6997,4,1,0.0,0.005784107090827208,0.0013217059823008271,0.0046012811362739995,0.008469641208648016,False,False,lod-lille-0.6b
7016,4,1,0.0,0.0548956344525015,0.004410902041841544,0.014969538897276008,0.019746243953705056,False,False,lod-lille-0.6b
7067,4,1,0.0,0.08277739677578166,0.002500617857577075,0.007729202508927002,0.02517348527908292,False,False,lod-lille-0.6b
7101,4,1,0.0,0.1514065035929277,0.007904953602564916,0.031248927116394015,0.04642924666404702,False,False,lod-lille-0.6b
7121,4,1,0.0,0.017232036916538584,0.0014831652915483205,0.004674345254898002,0.009021401405334029,False,False,lod-lille-0.6b
7138,4,1,1.0,0.39754211281736634,0.01837909203878845,0.05697312951087996,0.05697312951087996,False,False,lod-lille-0.6b
7170,4,1,0.0,0.022484295613442295,0.0025263867930081074,0.008227175101638,0.052859246730805,False,False,lod-lille-0.6b
7204,4,1,0.0,0.006338109456312666,0.0005665887850336549,0.0018577519804240002,0.008344352245331144,False,False,lod-lille-0.6b
7214,4,1,0.0,0.18955961304406288,0.011629963285569984,0.03720201551914301,0.04122322797775291,False,False,lod-lille-0.6b
7232,4,1,0.0,0.08327663131058159,0.007624892398285684,0.022385209798813005,0.040753185749053955,False,False,lod-lille-0.6b
7278,4,1,0.0,0.18635214182237728,0.008146837992009789,0.02700619399547602,0.05311477184295599,False,False,lod-lille-0.6b
7281,4,1,0.0,0.03133753788036546,0.003281400228897423,0.012168260291219,0.02571672201156605,False,False,lod-lille-0.6b
7291,4,1,0.0,0.1947654299437994,0.011709284736831778,0.038521483540535,0.04981702566146895,False,False,lod-lille-0.6b
7321,4,1,0.0,0.17333658846716035,0.015794163925208368,0.056070432066917,0.07812568545341503,False,False,lod-lille-0.6b
7361,4,1,0.0,0.06081694783642846,0.0055967157108386895,0.019421081990002996,0.04147833585739191,False,False,lod-lille-0.6b
7415,4,2,0.0,0.2326458816726998,0.024891879576430916,0.05807515978813199,0.05752259492874101,True,False,lod-lille-0.6b
7475,4,1,0.0,0.3375532825787857,0.024060265710082372,0.08650660514831504,0.07147711515426602,False,False,lod-lille-0.6b
7485,4,1,0.0,0.07157130399718842,0.017052381838196743,0.054971348494291,0.07871049642562788,False,False,lod-lille-0.6b
7497,4,1,0.0,0.10329356106618988,0.007585801012585721,0.021793380379677,0.05072471499443104,False,False,lod-lille-0.6b
7575,4,1,0.0,0.014716484545108708,0.0029968919660614637,0.00821999181062,0.016884744167327992,False,False,lod-lille-0.6b
7589,4,1,1.0,0.49974890177448544,0.02482413841493347,0.08540058135986306,0.08540058135986306,False,False,lod-lille-0.6b
7640,4,1,0.0,0.22993007612725058,0.01585182068426432,0.04946599900722501,0.05327641963958696,False,False,lod-lille-0.6b
7642,4,1,0.0,0.09167189275224953,0.00544301839171301,0.017892122268675995,0.03323745727539007,False,False,lod-lille-0.6b
7653,4,2,0.75,0.4224189644058541,0.02362140364284216,0.077520072460175,0.057984620332718007,True,True,lod-lille-0.6b
7671,4,1,0.0,0.29199277982115696,0.011230927507429435,0.04000195860862804,0.063825994729995,False,False,lod-lille-0.6b
7695,4,1,0.0,0.07401330458621137,0.003784444197456791,0.013198547065257998,0.01439094543456998,False,False,lod-lille-0.6b
7752,4,1,0.0,0.021929413002604706,0.003543330041532132,0.009560141712427,0.019441366195677934,False,False,lod-lille-0.6b
7783,4,1,0.0,0.046133017477889456,0.004419785144229874,0.014252096414565998,0.017457187175750954,False,False,lod-lille-0.6b
7795,4,1,0.0,0.10482105612754762,0.014245386448693593,0.042367480695248,0.04600185155868597,False,False,lod-lille-0.6b
7857,4,1,0.0,0.21185232636829165,0.012601585185575232,0.040411487221718,0.043962299823760986,False,False,lod-lille-0.6b
7938,4,1,0.0,0.053142034138241916,0.0066888682002819696,0.021744232624768996,0.029463946819305975,False,False,lod-lille-0.6b
7960,4,1,0.0,0.40102107822895,0.022187503374753687,0.075106620788574,0.068050056695938,False,False,lod-lille-0.6b
7968,4,1,0.0,0.014821862763103833,0.0011667488687009161,0.0037805391475560016,0.007437944412232,False,False,lod-lille-0.6b
7973,4,1,0.0,0.025325835837671628,0.0029233131094675495,0.009543003514409003,0.028454303741454967,False,False,lod-lille-0.6b
7982,2,3,0.0,0.13029102981090498,0.020048639738772762,0.052804678678513,0.06693008542060802,True,False,lod-lille-0.6b
7996,4,1,0.0,0.09558235729734055,0.007167061498328428,0.02692877501249301,0.042524874210358,False,False,lod-lille-0.6b
7998,4,1,0.0,0.011897242356401667,0.002166115654113197,0.006397155113518,0.015511214733123002,False,False,lod-lille-0.6b
8015,4,1,0.0,0.00383630165985425,0.0009889263664184637,0.0031577039044349995,0.005490124225616011,False,False,lod-lille-0.6b
8086,4,1,0.0,0.14011627870301355,0.011163668885705776,0.03460974991321601,0.08668339252471902,False,False,lod-lille-0.6b
8091,4,2,0.0,0.11554558606197396,0.011980292115296104,0.035696513950824,0.056784510612488015,True,False,lod-lille-0.6b
8097,4,1,0.0,0.016327840470087583,0.0019764512307221507,0.006580683402716999,0.013224482536316029,False,False,lod-lille-0.6b
8152,4,1,0.0,0.25128272672494206,0.02384140250599157,0.07888446748256703,0.08702206611633301,False,False,lod-lille-0.6b
8177,4,2,0.75,0.31575558334588966,0.014291392579888386,0.04841256141662598,0.041566461324691995,True,True,lod-lille-0.6b
8276,3,2,0.0,0.04178651065255159,0.0031114991041436705,0.009186491370201999,0.05966517329216098,True,False,lod-lille-0.6b
8332,4,1,0.0,0.006233528256415874,0.001182331024839385,0.0032163811847559995,0.008884131908416859,False,False,lod-lille-0.6b
8364,4,1,0.0,0.08493203545610072,0.007699951322742375,0.023502945899964003,0.08029633760452304,False,False,lod-lille-0.6b
8370,4,1,0.0,0.2190420726935063,0.008455984707688966,0.029449939727784008,0.03548473119735701,False,False,lod-lille-0.6b
8406,4,1,0.0,0.03692630802591596,0.007315774775740968,0.0236626714468,0.07500022649765004,False,False,lod-lille-0.6b
8407,4,1,0.0,0.06550084318344741,0.006880253121646555,0.024451393634080998,0.03091555833816495,False,False,lod-lille-0.6b
8461,4,1,0.0,0.04857980522016642,0.006943495089847575,0.021154213696718,0.06531733274459794,False,False,lod-lille-0.6b
8491,4,1,0.0,0.0023470647962914584,0.00018643969611191116,0.0005347472615540002,0.0044556260108952195,False,False,lod-lille-0.6b
8511,4,1,0.0,0.030903157467642915,0.0017937292776251275,0.006962347775697,0.01015758514404319,False,False,lod-lille-0.6b
8602,4,1,0.0,0.23996820673346475,0.01667751558149425,0.05248843133449502,0.07752710580825806,False,False,lod-lille-0.6b
8654,4,1,0.0,0.1678462829440827,0.011474223293298296,0.03679423034191098,0.06624886393547103,False,False,lod-lille-0.6b
8683,4,1,0.0,0.0024731428808682917,0.0002271391654474929,0.0005950329359619999,0.001654505729675071,False,False,lod-lille-0.6b
8736,4,1,0.0,0.07882153429090925,0.0026954973363752036,0.00804094970226299,0.020884692668915017,False,False,lod-lille-0.6b
8742,4,1,0.0,0.15928477669755572,0.007578004021856763,0.02428455650806499,0.05628898739814808,False,False,lod-lille-0.6b
8861,3,4,0.125,0.2359420688201979,0.01940670190049767,0.063253283500671,0.02497684955596896,True,True,lod-lille-0.6b
8917,4,1,0.0,0.07436765792469134,0.004021602873506687,0.012350194156170002,0.025730431079864058,False,False,lod-lille-0.6b
8919,4,1,0.0,0.14682898856699414,0.010552133551185942,0.032411083579063,0.04839855432510298,False,False,lod-lille-0.6b
8940,4,1,0.0,0.10660675540566404,0.007879212101375502,0.028084337711334006,0.060793876647949,False,False,lod-lille-0.6b
8942,4,1,0.0,0.010838989905702166,0.0012225885153401513,0.004154541529714999,0.05270153284072898,False,False,lod-lille-0.6b
8959,4,1,0.0,0.19675547381242067,0.007450935347856146,0.020944729447365,0.0278850197792051,False,False,lod-lille-0.6b
9092,4,1,0.0,0.23206850327551318,0.010894131021697813,0.03502908349037198,0.05173796415329002,False,False,lod-lille-0.6b
9108,4,1,0.0,0.02623624680563771,0.003002132974180704,0.010027887299657003,0.09604775905609197,False,False,lod-lille-0.6b
9111,4,1,0.0,0.019827692536636667,0.002379567116385951,0.007713496685028,0.02045053243637096,False,False,lod-lille-0.6b
9133,4,1,0.0,0.019626155495643168,0.006002139451761092,0.016505998559297002,0.04509460926055919,False,False,lod-lille-0.6b
9143,4,1,0.0,0.037656145558381586,0.007816082407383119,0.023809896782040003,0.03103536367416282,False,False,lod-lille-0.6b
9228,4,1,0.0,0.08139326547582905,0.010399158448421304,0.03513076901435899,0.09604400396347101,False,False,lod-lille-0.6b
9253,4,1,0.0,0.10693803057074504,0.004318313701004873,0.015136592090130005,0.02973747253418002,False,False,lod-lille-0.6b
9275,4,1,0.0,0.22896304726600591,0.02525265698282883,0.08095301687717402,0.09911304712295499,False,False,lod-lille-0.6b
9287,4,1,0.0,0.29222935065627054,0.03420858533550808,0.10628071427345298,0.12521022558212302,False,False,lod-lille-0.6b
9290,4,1,0.0,0.007824909892708834,0.0007415633329121686,0.0025824280455710004,0.0038583874702460275,False,False,lod-lille-0.6b
9301,4,1,0.0,0.08901667036116072,0.010821756830839316,0.035864025354386,0.07047408819198597,False,False,lod-lille-0.6b
9308,4,1,0.0,0.016607709811068582,0.0015314757776556144,0.004686302505432999,0.009657919406890758,False,False,lod-lille-0.6b
9375,4,1,0.0,0.01156871436008504,0.0008122796619698681,0.0029629804193970002,0.006876945495605802,False,False,lod-lille-0.6b
9386,4,1,0.0,0.18555652412275417,0.04089856721397333,0.13272691518068302,0.19342452287674006,False,False,lod-lille-0.6b
9413,4,1,0.0,0.10328507858018025,0.01441462350236479,0.039767958223819,0.058950483798979936,False,False,lod-lille-0.6b
9415,4,1,0.0,0.028097828384488335,0.005636813101839586,0.018150229007006004,0.019353091716767246,False,False,lod-lille-0.6b
9417,4,1,0.0,0.145727319642901,0.015471199568750104,0.05031674355268401,0.07548034191131608,False,False,lod-lille-0.6b
9424,4,2,0.25,0.33034250264366427,0.012379372676917431,0.048023194074631015,0.05954140424728399,True,True,lod-lille-0.6b
9438,4,1,0.0,0.25595727687080655,0.012462924370227309,0.04103688895702301,0.06772136688232411,False,False,lod-lille-0.6b
9446,4,1,0.0,0.018606795735346415,0.002113757684314886,0.007020668126643002,0.013050615787505992,False,False,lod-lille-0.6b
9462,4,1,0.0,0.04159119321654187,0.0035298484138774557,0.012438539415597999,0.029787838459015004,False,False,lod-lille-0.6b
9507,4,1,0.0,0.014712499027760876,0.0010898011413579434,0.0036145793274049987,0.009329617023468018,False,False,lod-lille-0.6b
9518,4,1,1.0,0.515708512316147,0.012138364970845606,0.04283350706100403,0.04283350706100403,False,False,lod-lille-0.6b
9574,4,2,0.08333333333333333,0.2357742326954995,0.042118884530350446,0.14140160381794,0.170203447341919,True,True,lod-lille-0.6b
9606,4,1,0.0,0.059157267988969336,0.005834074964924293,0.017602831125260003,0.03665179014205899,False,False,lod-lille-0.6b
9668,4,1,0.0,0.10289701322714428,0.013836354100511884,0.041469529271125,0.10706865787506104,False,False,lod-lille-0.6b
9672,4,1,0.0,0.059827017442633246,0.005368385601486562,0.018727682530879995,0.021087586879730003,False,False,lod-lille-0.6b
9710,4,1,0.0,0.10509889914343705,0.006975724397150473,0.023010067641735008,0.036299645900725985,False,False,lod-lille-0.6b
9721,4,1,0.0,0.016092884936369335,0.0010273298512327167,0.003332599997521,0.006052851676940807,False,False,lod-lille-0.6b
9738,4,1,0.0,0.031071566045283747,0.003529961444729578,0.011517588049174,0.021967947483063188,False,False,lod-lille-0.6b
9758,4,1,0.0,0.023577292449771876,0.002928032469639349,0.009681819006800998,0.023387908935546875,False,False,lod-lille-0.6b
9768,4,1,0.0,0.12803186196833802,0.008198338802345743,0.027321800589561004,0.048784077167510986,False,False,lod-lille-0.6b
9838,4,1,0.0,0.046322332384685166,0.007674994151049175,0.024419900029897003,0.05630820989608798,False,False,lod-lille-0.6b
9865,4,1,0.0,0.029484524391591046,0.002129923610784176,0.0065098702907560035,0.043547689914703036,False,False,lod-lille-0.6b
9869,4,1,0.0,0.04988277967398321,0.0037893497342210624,0.012822732329369,0.016394495964050182,False,False,lod-lille-0.6b
9872,4,1,0.0,0.011069571211312667,0.0016861590541913025,0.005337596870958999,0.0153608918189998,False,False,lod-lille-0.6b
9879,4,1,0.0,0.02228059421759042,0.00438510580521229,0.012387625873089001,0.02795761823654197,False,False,lod-lille-0.6b
9959,4,1,0.0,0.06101594415182817,0.0062759679747849345,0.023669704794884006,0.03593534231185891,False,False,lod-lille-0.6b
10023,4,1,0.0,0.007615499295449,0.0015828956594699866,0.004707346204668,0.019239187240601252,False,False,lod-lille-0.6b
10068,4,1,0.0,0.030718412793551333,0.003916153860829862,0.01254802569747,0.03539282083511308,False,False,lod-lille-0.6b
10075,4,1,0.0,0.3740204287072018,0.03275639238929492,0.100707948207855,0.104988813400269,False,False,lod-lille-0.6b
10117,4,1,0.0,0.07049363479018167,0.003875903192965783,0.014048293232918008,0.02629381418228105,False,False,lod-lille-0.6b
10153,4,1,0.0,0.008540944526126667,0.0013386948525670492,0.004414933733642,0.009988844394683949,False,False,lod-lille-0.6b
10212,4,1,0.0,0.17092779651284173,0.008227207168285235,0.025885060429573004,0.010302811861037986,False,False,lod-lille-0.6b
10224,4,1,0.0,0.23671643435954995,0.016712540844999995,0.054861187934876016,0.05994188785553001,False,False,lod-lille-0.6b
10242,4,1,0.0,0.011192482197656667,0.0012958103632812344,0.004541598260402001,0.00727051496505815,False,False,lod-lille-0.6b
10244,4,1,1.0,0.6665540983279542,0.015206030240558235,0.044856667518614946,0.044856667518614946,False,False,lod-lille-0.6b
10268,4,1,1.0,0.5814909487962718,0.013986879807989993,0.04433041810989402,0.04433041810989402,False,False,lod-lille-0.6b
10340,4,1,0.0,0.026624268774563583,0.003531302423247747,0.011632500216365,0.028040707111357976,False,False,lod-lille-0.6b
10343,4,1,0.0,0.06223914741227987,0.01035339155176191,0.030087891966105007,0.03670740127563521,False,False,lod-lille-0.6b
10345,3,4,0.25,0.2525111989428595,0.015364451856834915,0.046974927186966,0.028456717729567982,True,True,lod-lille-0.6b
