arm,label,language,family,population,n,accuracy,acc_lo,acc_hi,LAR,LAR_lo,LAR_hi,mean_conf
laya-ml,Laya-ml,bn,D-lit,full,8876,0.15085624155024785,0.14353312302839116,0.15852016674177558,0.6436457863902659,0.6339539206849932,0.6532249887336639,0.5358800698512843
laya-ml,Laya-ml,bn,D-lit,en_literal_pool,3265,0.1225114854517611,0.1114854517611026,0.1341500765696784,0.7470137825421134,0.7313935681470137,0.7617151607963246,0.5872814088820828
laya-ml,Laya-ml,bn,D-hard,full,8876,0.14420910319963948,0.1371113114015322,0.1516448850833709,0.6304641730509238,0.6212229607931501,0.6406038756196485,0.5326145110410094
laya-ml,Laya-ml,bn,D-hard,en_literal_pool,3265,0.11301684532924962,0.10229709035222052,0.1231240428790199,0.7313935681470137,0.7157656967840734,0.7461026033690658,0.5845316079632465
lod-lille-0.6b,Lod-lille,bn,D-lit,full,888,0.06644144144144144,0.04954954954954955,0.08220720720720721,0.8851351351351351,0.8637387387387387,0.9054054054054054,0.7453378855108138
lod-lille-0.6b,Lod-lille,bn,D-lit,en_literal_pool,316,0.04746835443037975,0.02531645569620253,0.06962025316455696,0.9082278481012658,0.8765822784810127,0.939873417721519,0.7735978957218457
lod-lille-0.6b,Lod-lille,bn,D-hard,full,888,0.06306306306306306,0.0472972972972973,0.07882882882882883,0.8547297297297297,0.831081081081081,0.8772522522522522,0.7356307650203101
lod-lille-0.6b,Lod-lille,bn,D-hard,en_literal_pool,316,0.05063291139240506,0.028481012658227847,0.0759493670886076,0.8860759493670886,0.8481012658227848,0.9177215189873418,0.7616556768741786
jev-1.13,Jev-1.13,en,D-lit,en_literal_pool,3265,0.9307810107197549,0.9222052067381317,0.9393568147013782,0.04716692189892802,0.04012251148545176,0.053905053598774885,0.9314640122511485
jev-1.13,Jev-1.13,en,D-hard,en_literal_pool,3265,0.8542113323124043,0.8419525267993874,0.8658499234303216,0.04318529862174579,0.03644716692189893,0.049923430321592646,0.8970903522205207
