family,coverage,accuracy,threshold
D-hard,0.00022547914317925591,0.0,1.0
D-hard,0.010146561443066516,0.0,0.9941
D-hard,0.020067643742953778,0.0,0.984
D-hard,0.029988726042841037,0.0,0.9675
D-hard,0.039909808342728295,0.005649717514124294,0.9527
D-hard,0.04983089064261556,0.004524886877828055,0.9308
D-hard,0.05975197294250282,0.0037735849056603774,0.9157
D-hard,0.06967305524239008,0.006472491909385114,0.9004000000000001
D-hard,0.07959413754227734,0.0056657223796034,0.8858
D-hard,0.0895152198421646,0.007556675062972292,0.8679
D-hard,0.09943630214205186,0.006802721088435374,0.8499
D-hard,0.10935738444193913,0.008247422680412371,0.8332
D-hard,0.11927846674182638,0.007561436672967864,0.8195
D-hard,0.12919954904171363,0.013961605584642234,0.8045
D-hard,0.1391206313416009,0.012965964343598054,0.7906000000000001
D-hard,0.14904171364148816,0.012102874432677761,0.7762
D-hard,0.1589627959413754,0.01702127659574468,0.761
D-hard,0.1688838782412627,0.01602136181575434,0.7465
D-hard,0.17880496054114994,0.018915510718789406,0.734
D-hard,0.1887260428410372,0.019115890083632018,0.7209
D-hard,0.19864712514092447,0.019296254256526674,0.7066
D-hard,0.20856820744081173,0.021621621621621623,0.6929000000000001
D-hard,0.21848928974069898,0.02476780185758514,0.6817000000000001
D-hard,0.22841037204058626,0.028627838104639685,0.6707000000000001
D-hard,0.2383314543404735,0.03216650898770104,0.6614
D-hard,0.24825253664036076,0.03451407811080836,0.6533
D-hard,0.25817361894024804,0.03668122270742358,0.6407
D-hard,0.2680947012401353,0.03616484440706476,0.6307
D-hard,0.27801578354002254,0.039740470397404706,0.6211
D-hard,0.2879368658399098,0.042286609240407204,0.6105
D-hard,0.29785794813979705,0.04390613171839516,0.6037
D-hard,0.30777903043968435,0.046886446886446886,0.5953
D-hard,0.3177001127395716,0.050390347764371894,0.5862
D-hard,0.32762119503945886,0.05230557467309016,0.579
D-hard,0.3375422773393461,0.05410821643286573,0.5706
D-hard,0.34746335963923336,0.05515898767034393,0.5652
D-hard,0.3573844419391206,0.05615141955835962,0.5579000000000001
D-hard,0.3673055242390079,0.05586249232658073,0.5523
D-hard,0.37722660653889517,0.055588762701733414,0.5433
D-hard,0.3871476888387824,0.05765870704717531,0.5376000000000001
D-hard,0.3970687711386697,0.06076093128904032,0.5317000000000001
D-hard,0.4069898534385569,0.06426592797783934,0.5245000000000001
D-hard,0.4169109357384442,0.06598161168199027,0.5193
D-hard,0.42683201803833143,0.06497622820919176,0.5121
D-hard,0.43675310033821874,0.06504904491481672,0.5065000000000001
D-hard,0.446674182638106,0.06663301362948006,0.5018
D-hard,0.45659526493799324,0.06814814814814815,0.4968
D-hard,0.4665163472378805,0.07008216529724505,0.492
D-hard,0.47643742953776774,0.07004259346900142,0.4866
D-hard,0.486358511837655,0.07139545665275845,0.4795
D-hard,0.4962795941375423,0.07314856883234894,0.4749
D-hard,0.5062006764374295,0.07394209354120267,0.4697
D-hard,0.5161217587373168,0.07688947138488422,0.4654
D-hard,0.5260428410372041,0.08015430775825118,0.4614
D-hard,0.5359639233370913,0.08287757677745057,0.4576
D-hard,0.5458850056369786,0.08261049153242461,0.453
D-hard,0.5558060879368658,0.08438133874239351,0.4482
D-hard,0.5657271702367531,0.0840972499003587,0.4447
D-hard,0.5756482525366403,0.08578143360752057,0.4406
D-hard,0.5855693348365276,0.08817866769349249,0.4376
D-hard,0.5954904171364149,0.09049602423324499,0.4333
D-hard,0.6054114994363021,0.09273743016759776,0.43
D-hard,0.6153325817361894,0.09454012458776108,0.4269
D-hard,0.6252536640360766,0.09700685178507032,0.4235
D-hard,0.6351747463359639,0.09868654597089102,0.4197
D-hard,0.6450958286358511,0.09996504718629849,0.4165
D-hard,0.6550169109357384,0.10189328743545611,0.4132
D-hard,0.6649379932356257,0.10376398779247202,0.41
D-hard,0.6748590755355129,0.10557968593384565,0.4067
D-hard,0.6847801578354002,0.10767204478103391,0.4028
D-hard,0.6947012401352874,0.10905550146056475,0.3999
D-hard,0.7046223224351748,0.10944,0.3967
D-hard,0.7145434047350621,0.11012937835279268,0.3932
D-hard,0.7244644870349493,0.11173358232181761,0.3902
D-hard,0.7343855693348366,0.11329444273871661,0.386
D-hard,0.7443066516347238,0.11451075431687367,0.3824
D-hard,0.7542277339346111,0.11539611360239163,0.3789
D-hard,0.7641488162344983,0.11625848332841546,0.3763
D-hard,0.7740698985343856,0.11797261870084474,0.3736
D-hard,0.7839909808342729,0.11993097497842968,0.3705
D-hard,0.7939120631341601,0.12127236580516898,0.3673
D-hard,0.8038331454340474,0.12258064516129032,0.3651
D-hard,0.8137542277339346,0.12468827930174564,0.3618
D-hard,0.8236753100338219,0.12537640295647412,0.3583
D-hard,0.8335963923337091,0.12740059507708953,0.3552
D-hard,0.8435174746335964,0.12910986367281477,0.3517
D-hard,0.8534385569334837,0.130779392338177,0.3484
D-hard,0.8633596392333709,0.13319404544267432,0.3449
D-hard,0.8732807215332582,0.13374644978053188,0.3406
D-hard,0.8832018038331454,0.1350523359714067,0.3372
D-hard,0.8931228861330327,0.13582428679626357,0.334
D-hard,0.90304396843292,0.1375780274656679,0.3301
D-hard,0.9129650507328072,0.13879970363052604,0.3269
D-hard,0.9228861330326945,0.1402394331785976,0.3233
D-hard,0.9328072153325817,0.13971476915639353,0.3187
D-hard,0.942728297632469,0.14135374312365462,0.3145
D-hard,0.9526493799323562,0.1429585798816568,0.3108
D-hard,0.9625704622322435,0.14406184118060436,0.3044
D-hard,0.9724915445321308,0.14491073498724785,0.2987
D-hard,0.982412626832018,0.14528345191645628,0.2904
D-hard,0.9923337091319053,0.14587593728698023,0.2784
D-lit,0.00022547914317925591,0.0,1.0
D-lit,0.010146561443066516,0.0,0.9931
D-lit,0.020067643742953778,0.0,0.9806
D-lit,0.029988726042841037,0.0,0.9658
D-lit,0.039909808342728295,0.0,0.9474
D-lit,0.04983089064261556,0.0,0.9355
D-lit,0.05975197294250282,0.0,0.9187
D-lit,0.06967305524239008,0.0,0.9038
D-lit,0.07959413754227734,0.0,0.8841
D-lit,0.0895152198421646,0.0,0.8683000000000001
D-lit,0.09943630214205186,0.0022675736961451248,0.8539
D-lit,0.10935738444193913,0.002061855670103093,0.8383
D-lit,0.11927846674182638,0.001890359168241966,0.8217
D-lit,0.12919954904171363,0.0034904013961605585,0.8058000000000001
D-lit,0.1391206313416009,0.0032414910858995136,0.7888000000000001
D-lit,0.14904171364148816,0.007564296520423601,0.7742
D-lit,0.1589627959413754,0.011347517730496455,0.7593000000000001
D-lit,0.1688838782412627,0.012016021361815754,0.7484000000000001
D-lit,0.17880496054114994,0.012610340479192938,0.7342000000000001
D-lit,0.1887260428410372,0.013142174432497013,0.7221000000000001
D-lit,0.19864712514092447,0.019296254256526674,0.71
D-lit,0.20856820744081173,0.022702702702702703,0.6994
D-lit,0.21848928974069898,0.026831785345717233,0.6846
D-lit,0.22841037204058626,0.03060217176702863,0.6697000000000001
D-lit,0.2383314543404735,0.03216650898770104,0.6578
D-lit,0.24825253664036076,0.0326975476839237,0.647
D-lit,0.25817361894024804,0.03406113537117904,0.6387
D-lit,0.2680947012401353,0.0336417157275021,0.629
D-lit,0.27801578354002254,0.0340632603406326,0.6203000000000001
D-lit,0.2879368658399098,0.03680501174628034,0.611
D-lit,0.29785794813979705,0.03785011355034065,0.6017
D-lit,0.30777903043968435,0.03956043956043956,0.593
D-lit,0.3177001127395716,0.04187366926898509,0.5851000000000001
D-lit,0.32762119503945886,0.04611149346180317,0.5783
D-lit,0.3375422773393461,0.047428189712758854,0.5702
D-lit,0.34746335963923336,0.04866969500324465,0.5639000000000001
D-lit,0.3573844419391206,0.05110410094637224,0.5593
D-lit,0.3673055242390079,0.0521792510742787,0.553
D-lit,0.37722660653889517,0.05439330543933055,0.5469
D-lit,0.3871476888387824,0.05824111822947001,0.5401
D-lit,0.3970687711386697,0.059057353776263484,0.5339
D-lit,0.4069898534385569,0.06204986149584488,0.5268
D-lit,0.4169109357384442,0.06489994591671173,0.5207
D-lit,0.42683201803833143,0.0676175382989963,0.5161
D-lit,0.43675310033821874,0.06763035622096025,0.5117
D-lit,0.446674182638106,0.07168096920747097,0.5064000000000001
D-lit,0.45659526493799324,0.07407407407407407,0.5007
D-lit,0.4665163472378805,0.07684871918801353,0.4959
D-lit,0.47643742953776774,0.07856128726928538,0.491
D-lit,0.486358511837655,0.08159480760315253,0.486
D-lit,0.4962795941375423,0.08405270331667423,0.4815
D-lit,0.5062006764374295,0.08418708240534521,0.4762
D-lit,0.5161217587373168,0.08431629532546964,0.4712
D-lit,0.5260428410372041,0.08658379768538363,0.4678
D-lit,0.5359639233370913,0.08792595708876735,0.4629
D-lit,0.5458850056369786,0.09087154068566708,0.4578
D-lit,0.5558060879368658,0.09330628803245436,0.4536
D-lit,0.5657271702367531,0.09724990035870865,0.45
D-lit,0.5756482525366403,0.0963572267920094,0.446
D-lit,0.5855693348365276,0.09857527916827108,0.4424
D-lit,0.5954904171364149,0.10071942446043165,0.4384
D-lit,0.6054114994363021,0.10093109869646183,0.4331
D-lit,0.6153325817361894,0.10296812019054599,0.4298
D-lit,0.6252536640360766,0.10349801658853228,0.4264
D-lit,0.6351747463359639,0.10543130990415335,0.4234
D-lit,0.6450958286358511,0.10730513806361412,0.4199
D-lit,0.6550169109357384,0.10912220309810672,0.416
D-lit,0.6649379932356257,0.11088504577822991,0.4129
D-lit,0.6748590755355129,0.11293017039759438,0.4093
D-lit,0.6847801578354002,0.11425749094501153,0.4064
D-lit,0.6947012401352874,0.11457319052255761,0.4027
D-lit,0.7046223224351748,0.11552,0.399
D-lit,0.7145434047350621,0.1167560744714421,0.3954
D-lit,0.7244644870349493,0.11733582321817616,0.3921
D-lit,0.7343855693348366,0.11820693890082898,0.3894
D-lit,0.7443066516347238,0.11996364737958194,0.3858
D-lit,0.7542277339346111,0.12316890881913303,0.3823
D-lit,0.7641488162344983,0.12422543523163175,0.3793
D-lit,0.7740698985343856,0.12525487911447714,0.3761
D-lit,0.7839909808342729,0.12683347713546161,0.373
D-lit,0.7939120631341601,0.12780460096563476,0.37
D-lit,0.8038331454340474,0.12847124824684433,0.3678
D-lit,0.8137542277339346,0.12912164034358548,0.3645
D-lit,0.8236753100338219,0.13003011223651792,0.3619
D-lit,0.8335963923337091,0.13064647011090072,0.3591
D-lit,0.8435174746335964,0.1325848703555199,0.3561
D-lit,0.8534385569334837,0.13262879788639365,0.3527
D-lit,0.8633596392333709,0.1337163750326456,0.3495
D-lit,0.8732807215332582,0.13581203201652467,0.3456
D-lit,0.8832018038331454,0.13786060760786317,0.3428
D-lit,0.8931228861330327,0.13910628629134056,0.3394
D-lit,0.90304396843292,0.14057428214731585,0.3348
D-lit,0.9129650507328072,0.1422573474932082,0.3307
D-lit,0.9228861330326945,0.14219398973857805,0.3267
D-lit,0.9328072153325817,0.14334058496495045,0.3219
D-lit,0.942728297632469,0.14494140157856972,0.3164
D-lit,0.9526493799323562,0.1467455621301775,0.3121
D-lit,0.9625704622322435,0.1482782853127196,0.3072
D-lit,0.9724915445321308,0.1490841641548806,0.3019
D-lit,0.982412626832018,0.15056231351847602,0.2943
D-lit,0.9923337091319053,0.15110202226766645,0.2833
D-rand,0.00022547914317925591,1.0,0.9976
D-rand,0.010146561443066516,0.8444444444444444,0.8513000000000001
D-rand,0.020067643742953778,0.8089887640449438,0.7791
D-rand,0.029988726042841037,0.7443609022556391,0.7431
D-rand,0.039909808342728295,0.6779661016949152,0.7139
D-rand,0.04983089064261556,0.6515837104072398,0.6898000000000001
D-rand,0.05975197294250282,0.6528301886792452,0.6713
D-rand,0.06967305524239008,0.6213592233009708,0.6485000000000001
D-rand,0.07959413754227734,0.6005665722379604,0.6285000000000001
D-rand,0.0895152198421646,0.6095717884130982,0.6153000000000001
D-rand,0.09943630214205186,0.5759637188208617,0.6034
D-rand,0.10935738444193913,0.5711340206185567,0.5913
D-rand,0.11927846674182638,0.5671077504725898,0.5831000000000001
D-rand,0.12919954904171363,0.5462478184991274,0.5748
D-rand,0.1391206313416009,0.5364667747163695,0.5664
D-rand,0.14904171364148816,0.5325264750378215,0.5596
D-rand,0.1589627959413754,0.5290780141843971,0.5513
D-rand,0.1688838782412627,0.5246995994659546,0.5445
D-rand,0.17880496054114994,0.5170239596469105,0.5373
D-rand,0.1887260428410372,0.5161290322580645,0.5313
D-rand,0.19864712514092447,0.5130533484676504,0.5245000000000001
D-rand,0.20856820744081173,0.5156756756756756,0.5165000000000001
D-rand,0.21848928974069898,0.5098039215686274,0.5114000000000001
D-rand,0.22841037204058626,0.5074037512339585,0.5043
D-rand,0.2383314543404735,0.4957426679280984,0.4975
D-rand,0.24825253664036076,0.4895549500454133,0.4927
D-rand,0.25817361894024804,0.4890829694323144,0.4887
D-rand,0.2680947012401353,0.4852817493692178,0.4836
D-rand,0.27801578354002254,0.48256285482562855,0.479
D-rand,0.2879368658399098,0.47846515270164447,0.4749
D-rand,0.29785794813979705,0.4753974261922786,0.471
D-rand,0.30777903043968435,0.4725274725274725,0.4672
D-rand,0.3177001127395716,0.47054648687012063,0.463
D-rand,0.32762119503945886,0.46730901582931866,0.459
D-rand,0.3375422773393461,0.46626586506346024,0.4555
D-rand,0.34746335963923336,0.4587929915639195,0.4519
D-rand,0.3573844419391206,0.4580441640378549,0.449
D-rand,0.3673055242390079,0.4548802946593002,0.4456
D-rand,0.37722660653889517,0.452480573819486,0.4425
D-rand,0.3871476888387824,0.45195107746068724,0.4387
D-rand,0.3970687711386697,0.44804088586030666,0.4361
D-rand,0.4069898534385569,0.44265927977839337,0.4331
D-rand,0.4169109357384442,0.43807463493780424,0.43
D-rand,0.42683201803833143,0.43845747490755416,0.4273
D-rand,0.43675310033821874,0.43830665978316985,0.4243
D-rand,0.446674182638106,0.43614336193841496,0.4213
D-rand,0.45659526493799324,0.43407407407407406,0.418
D-rand,0.4665163472378805,0.43160947317544707,0.4155
D-rand,0.47643742953776774,0.4268812115475627,0.4127
D-rand,0.486358511837655,0.42559109874826145,0.4102
D-rand,0.4962795941375423,0.42071785552021806,0.4076
D-rand,0.5062006764374295,0.4173719376391982,0.4048
D-rand,0.5161217587373168,0.4167758846657929,0.402
D-rand,0.5260428410372041,0.41448778396913843,0.3993
D-rand,0.5359639233370913,0.4106015986537653,0.3965
D-rand,0.5458850056369786,0.41098719537381245,0.3943
D-rand,0.5558060879368658,0.40892494929006085,0.3918
D-rand,0.5657271702367531,0.4097249900358709,0.3892
D-rand,0.5756482525366403,0.4069721895808852,0.3868
D-rand,0.5855693348365276,0.40431266846361186,0.3845
D-rand,0.5954904171364149,0.4028776978417266,0.3824
D-rand,0.6054114994363021,0.3996275605214153,0.3803
D-rand,0.6153325817361894,0.3972150971051667,0.3784
D-rand,0.6252536640360766,0.3941579516768842,0.3765
D-rand,0.6351747463359639,0.3919062832800852,0.3744
D-rand,0.6450958286358511,0.39112198531981823,0.372
D-rand,0.6550169109357384,0.3910499139414802,0.3704
D-rand,0.6649379932356257,0.3882672092234656,0.3688
D-rand,0.6748590755355129,0.3879051119278316,0.3656
D-rand,0.6847801578354002,0.3872242344418834,0.3637
D-rand,0.6947012401352874,0.38591366439467706,0.3611
D-rand,0.7046223224351748,0.38272,0.3596
D-rand,0.7145434047350621,0.3811928053013569,0.3577
D-rand,0.7244644870349493,0.38095238095238093,0.3555
D-rand,0.7343855693348366,0.3794903285231808,0.3532
D-rand,0.7443066516347238,0.37958194486519237,0.3513
D-rand,0.7542277339346111,0.3769805680119582,0.3491
D-rand,0.7641488162344983,0.37651224550014756,0.347
D-rand,0.7740698985343856,0.3737256044276143,0.3448
D-rand,0.7839909808342729,0.3724475122231809,0.3427
D-rand,0.7939120631341601,0.3720533939221812,0.3406
D-rand,0.8038331454340474,0.37054698457223,0.3391
D-rand,0.8137542277339346,0.371571072319202,0.3367
D-rand,0.8236753100338219,0.37092800437996165,0.3349
D-rand,0.8335963923337091,0.3694887746821747,0.3331
D-rand,0.8435174746335964,0.3683507083667469,0.3307
D-rand,0.8534385569334837,0.36750330250990754,0.3286
D-rand,0.8633596392333709,0.36745886654478976,0.3261
D-rand,0.8732807215332582,0.36793183578621225,0.3237
D-rand,0.8832018038331454,0.3666070972683176,0.322
D-rand,0.8931228861330327,0.36581671295127494,0.3195
D-rand,0.90304396843292,0.3652933832709114,0.3162
D-rand,0.9129650507328072,0.3650284020745863,0.3129
D-rand,0.9228861330326945,0.3652577571463474,0.3099
D-rand,0.9328072153325817,0.36524051244863426,0.3063
D-rand,0.942728297632469,0.36474527624970104,0.3033
D-rand,0.9526493799323562,0.36449704142011835,0.2999
D-rand,0.9625704622322435,0.3640196767392832,0.2962
D-rand,0.9724915445321308,0.36308833758404824,0.2904
D-rand,0.982412626832018,0.3624053247647464,0.2837
D-rand,0.9923337091319053,0.36264485344239944,0.2752
D-sem,0.00022547914317925591,1.0,0.9985
D-sem,0.010146561443066516,0.5555555555555556,0.8355
D-sem,0.020067643742953778,0.5393258426966292,0.7788
D-sem,0.029988726042841037,0.5037593984962406,0.7249
D-sem,0.039909808342728295,0.5028248587570622,0.6945
D-sem,0.04983089064261556,0.497737556561086,0.6727000000000001
D-sem,0.05975197294250282,0.4641509433962264,0.6508
D-sem,0.06967305524239008,0.4401294498381877,0.6313000000000001
D-sem,0.07959413754227734,0.44192634560906513,0.6171
D-sem,0.0895152198421646,0.43828715365239296,0.6061000000000001
D-sem,0.09943630214205186,0.4421768707482993,0.5943
D-sem,0.10935738444193913,0.4515463917525773,0.5828
D-sem,0.11927846674182638,0.44234404536862004,0.5720000000000001
D-sem,0.12919954904171363,0.4467713787085515,0.5628000000000001
D-sem,0.1391206313416009,0.4392220421393841,0.5543
D-sem,0.14904171364148816,0.4357034795763994,0.5475
D-sem,0.1589627959413754,0.44397163120567373,0.5408000000000001
D-sem,0.1688838782412627,0.44058744993324434,0.5306000000000001
D-sem,0.17880496054114994,0.44388398486759145,0.5266000000000001
D-sem,0.1887260428410372,0.4348864994026284,0.5198
D-sem,0.19864712514092447,0.4438138479001135,0.514
D-sem,0.20856820744081173,0.44,0.5072
D-sem,0.21848928974069898,0.43653250773993807,0.5006
D-sem,0.22841037204058626,0.43040473840078974,0.4939
D-sem,0.2383314543404735,0.42762535477767266,0.4887
D-sem,0.24825253664036076,0.4223433242506812,0.4842
D-sem,0.25817361894024804,0.4165938864628821,0.4804
D-sem,0.2680947012401353,0.4112699747687132,0.4771
D-sem,0.27801578354002254,0.41362530413625304,0.473
D-sem,0.2879368658399098,0.4119028974158183,0.4689
D-sem,0.29785794813979705,0.4133232399697199,0.4654
D-sem,0.30777903043968435,0.41098901098901097,0.4618
D-sem,0.3177001127395716,0.40809084457061745,0.458
D-sem,0.32762119503945886,0.4074328974535444,0.4549
D-sem,0.3375422773393461,0.4021376085504342,0.4513
D-sem,0.34746335963923336,0.39649578195976637,0.4481
D-sem,0.3573844419391206,0.3936908517350158,0.4454
D-sem,0.3673055242390079,0.3916513198281154,0.441
D-sem,0.37722660653889517,0.39031679617453674,0.438
D-sem,0.3871476888387824,0.39079790331974373,0.4349
D-sem,0.3970687711386697,0.3901192504258944,0.4311
D-sem,0.4069898534385569,0.38670360110803326,0.4282
D-sem,0.4169109357384442,0.3818280151433207,0.4252
D-sem,0.42683201803833143,0.3798203909138933,0.4224
D-sem,0.43675310033821874,0.3784202374806402,0.4198
D-sem,0.446674182638106,0.37758707723372037,0.4179
D-sem,0.45659526493799324,0.37530864197530867,0.4142
D-sem,0.4665163472378805,0.3736104398260029,0.411
D-sem,0.47643742953776774,0.37198296261239944,0.409
D-sem,0.486358511837655,0.37273991655076494,0.4064
D-sem,0.4962795941375423,0.3716492503407542,0.4036
D-sem,0.5062006764374295,0.3714922048997773,0.401
D-sem,0.5161217587373168,0.37396242900830057,0.3986
D-sem,0.5260428410372041,0.37291041577368195,0.3964
D-sem,0.5359639233370913,0.37147665124106016,0.3942
D-sem,0.5458850056369786,0.36926889714993805,0.3921
D-sem,0.5558060879368658,0.36957403651115617,0.39
D-sem,0.5657271702367531,0.369469908330012,0.3875
D-sem,0.5756482525366403,0.37054445750097925,0.3853
D-sem,0.5855693348365276,0.3704274162495187,0.3823
D-sem,0.5954904171364149,0.36955698599015524,0.3804
D-sem,0.6054114994363021,0.36722532588454376,0.3776
D-sem,0.6153325817361894,0.36643459142543056,0.376
D-sem,0.6252536640360766,0.36458708979444643,0.3744
D-sem,0.6351747463359639,0.362087326943557,0.372
D-sem,0.6450958286358511,0.36176162181055577,0.3693
D-sem,0.6550169109357384,0.3604130808950086,0.3679
D-sem,0.6649379932356257,0.3574092912851814,0.3654
D-sem,0.6748590755355129,0.35549615770130305,0.3635
D-sem,0.6847801578354002,0.3542970036219954,0.3611
D-sem,0.6947012401352874,0.35443037974683544,0.3592
D-sem,0.7046223224351748,0.35264,0.3576
D-sem,0.7145434047350621,0.35216156516251185,0.3559
D-sem,0.7244644870349493,0.35014005602240894,0.3539
D-sem,0.7343855693348366,0.34817316548971444,0.3521
D-sem,0.7443066516347238,0.3480763405028779,0.3497
D-sem,0.7542277339346111,0.347085201793722,0.3472
D-sem,0.7641488162344983,0.346119799350841,0.3453
D-sem,0.7740698985343856,0.34547043402272065,0.3432
D-sem,0.7839909808342729,0.3451251078515962,0.3417
D-sem,0.7939120631341601,0.3450724226072139,0.3394
D-sem,0.8038331454340474,0.3472650771388499,0.337
D-sem,0.8137542277339346,0.34663341645885287,0.3347
D-sem,0.8236753100338219,0.3460169723514919,0.3323
D-sem,0.8335963923337091,0.34460373275628886,0.3303
D-sem,0.8435174746335964,0.3445602780005346,0.3283
D-sem,0.8534385569334837,0.3445178335535007,0.3259
D-sem,0.8633596392333709,0.34343170540611123,0.3232
D-sem,0.8732807215332582,0.3439194422927963,0.3207
D-sem,0.8832018038331454,0.34184324738320143,0.318
D-sem,0.8931228861330327,0.3405705629891442,0.3152
D-sem,0.90304396843292,0.3393258426966292,0.3128
D-sem,0.9129650507328072,0.3393430476660904,0.3103
D-sem,0.9228861330326945,0.33911556315660885,0.3079
D-sem,0.9328072153325817,0.3393763596809282,0.3041
D-sem,0.942728297632469,0.337000717531691,0.3012
D-sem,0.9526493799323562,0.33562130177514793,0.2979
D-sem,0.9625704622322435,0.3347388147107051,0.2934
D-sem,0.9724915445321308,0.33387433341061906,0.2886
D-sem,0.982412626832018,0.3330273123708974,0.2821
D-sem,0.9923337091319053,0.33242444898886614,0.2762
D-surf,0.00022547914317925591,1.0,0.9958
D-surf,0.010146561443066516,0.7111111111111111,0.8708
D-surf,0.020067643742953778,0.5842696629213483,0.8063
D-surf,0.029988726042841037,0.5789473684210527,0.7612
D-surf,0.039909808342728295,0.5536723163841808,0.7253000000000001
D-surf,0.04983089064261556,0.5429864253393665,0.6989000000000001
D-surf,0.05975197294250282,0.5509433962264151,0.6729
D-surf,0.06967305524239008,0.5566343042071198,0.6537000000000001
D-surf,0.07959413754227734,0.5325779036827195,0.6386000000000001
D-surf,0.0895152198421646,0.5239294710327456,0.6243000000000001
D-surf,0.09943630214205186,0.5192743764172335,0.6092000000000001
D-surf,0.10935738444193913,0.5030927835051546,0.597
D-surf,0.11927846674182638,0.4839319470699433,0.5858
D-surf,0.12919954904171363,0.4677137870855148,0.5753
D-surf,0.1391206313416009,0.46353322528363045,0.5670000000000001
D-surf,0.14904171364148816,0.45537065052950076,0.5585
D-surf,0.1589627959413754,0.4553191489361702,0.5493
D-surf,0.1688838782412627,0.4459279038718291,0.5411
D-surf,0.17880496054114994,0.4527112232030265,0.5336000000000001
D-surf,0.1887260428410372,0.45041816009557945,0.5244
D-surf,0.19864712514092447,0.4370034052213394,0.5175000000000001
D-surf,0.20856820744081173,0.43675675675675674,0.5094000000000001
D-surf,0.21848928974069898,0.43859649122807015,0.5033
D-surf,0.22841037204058626,0.4432379072063179,0.4976
D-surf,0.2383314543404735,0.44370860927152317,0.4938
D-surf,0.24825253664036076,0.4368755676657584,0.4888
D-surf,0.25817361894024804,0.4366812227074236,0.484
D-surf,0.2680947012401353,0.43313708999158956,0.4792
D-surf,0.27801578354002254,0.42984590429845904,0.4745
D-surf,0.2879368658399098,0.4306969459671104,0.4709
D-surf,0.29785794813979705,0.42694928084784256,0.4671
D-surf,0.30777903043968435,0.42417582417582417,0.4624
D-surf,0.3177001127395716,0.41944641589779985,0.459
D-surf,0.32762119503945886,0.41775636613902273,0.4558
D-surf,0.3375422773393461,0.4121576486305945,0.4525
D-surf,0.34746335963923336,0.41012329656067487,0.4488
D-surf,0.3573844419391206,0.40946372239747636,0.4454
D-surf,0.3673055242390079,0.40822590546347454,0.4418
D-surf,0.37722660653889517,0.4052600119545726,0.438
D-surf,0.3871476888387824,0.40302853814793244,0.4354
D-surf,0.3970687711386697,0.40147643384440657,0.4322
D-surf,0.4069898534385569,0.39778393351800556,0.4295
D-surf,0.4169109357384442,0.3942671714440238,0.4267
D-surf,0.42683201803833143,0.393026941362916,0.424
D-surf,0.43675310033821874,0.3908105317501291,0.421
D-surf,0.446674182638106,0.39121655729429583,0.4177
D-surf,0.45659526493799324,0.39111111111111113,0.4148
D-surf,0.4665163472378805,0.38811019816336395,0.4117
D-surf,0.47643742953776774,0.38807382867960244,0.4094
D-surf,0.486358511837655,0.38803894297635605,0.4063
D-surf,0.4962795941375423,0.3870967741935484,0.4039
D-surf,0.5062006764374295,0.38574610244988866,0.4013
D-surf,0.5161217587373168,0.382699868938401,0.3983
D-surf,0.5260428410372041,0.3844834976425204,0.3959
D-surf,0.5359639233370913,0.38367690366007573,0.3933
D-surf,0.5458850056369786,0.38248657579512596,0.3911
D-surf,0.5558060879368658,0.38052738336714,0.389
D-surf,0.5657271702367531,0.37863690713431647,0.387
D-surf,0.5756482525366403,0.37602820211515864,0.3847
D-surf,0.5855693348365276,0.3731228340392761,0.3822
D-surf,0.5954904171364149,0.3729647860658841,0.3798
D-surf,0.6054114994363021,0.3728119180633147,0.3775
D-surf,0.6153325817361894,0.37119824111396116,0.375
D-surf,0.6252536640360766,0.3703570140641904,0.373
D-surf,0.6351747463359639,0.3734469293574725,0.371
D-surf,0.6450958286358511,0.3718979377839916,0.3686
D-surf,0.6550169109357384,0.37142857142857144,0.3664
D-surf,0.6649379932356257,0.37029501525940994,0.3643
D-surf,0.6748590755355129,0.36852656197794853,0.3624
D-surf,0.6847801578354002,0.3661508067171551,0.3601
D-surf,0.6947012401352874,0.3641674780915287,0.3575
D-surf,0.7046223224351748,0.36288,0.3555
D-surf,0.7145434047350621,0.3613127169454087,0.3528
D-surf,0.7244644870349493,0.36134453781512604,0.3508
D-surf,0.7343855693348366,0.35953331286459933,0.3491
D-surf,0.7443066516347238,0.35958800363526205,0.3476
D-surf,0.7542277339346111,0.35814648729446935,0.3455
D-surf,0.7641488162344983,0.3576276187665978,0.3436
D-surf,0.7740698985343856,0.35741334110107775,0.3416
D-surf,0.7839909808342729,0.35777969513948804,0.3402
D-surf,0.7939120631341601,0.3558648111332008,0.3382
D-surf,0.8038331454340474,0.35539971949509114,0.336
D-surf,0.8137542277339346,0.3541147132169576,0.334
D-surf,0.8236753100338219,0.35258691486449495,0.3323
D-surf,0.8335963923337091,0.3510954828239113,0.3305
D-surf,0.8435174746335964,0.3501737503341353,0.3287
D-surf,0.8534385569334837,0.3476882430647292,0.3264
D-surf,0.8633596392333709,0.34604335335596764,0.3235
D-surf,0.8732807215332582,0.34624322230828813,0.3212
D-surf,0.8832018038331454,0.34592800612713814,0.319
D-surf,0.8931228861330327,0.34460994698308506,0.3166
D-surf,0.90304396843292,0.34406991260923847,0.3134
D-surf,0.9129650507328072,0.3442825388984935,0.3116
D-surf,0.9228861330326945,0.34473491326655264,0.309
D-surf,0.9328072153325817,0.3446942228668117,0.3049
D-surf,0.942728297632469,0.3441760344415212,0.3006
D-surf,0.9526493799323562,0.3429585798816568,0.2972
D-surf,0.9625704622322435,0.34246896228624973,0.293
D-surf,0.9724915445321308,0.3424530489218641,0.2886
D-surf,0.982412626832018,0.34197842552214824,0.2829
D-surf,0.9923337091319053,0.34151329243353784,0.2741
