variant,n_words,n,accuracy,jsd
V0_intact,3,1136,0.14612676056338028,0.0
V0_intact,4,495,0.17575757575757575,0.0
V0_intact,5,93,0.21505376344086022,0.0
V0_intact,6,38,0.07894736842105263,0.0
V0_intact,7,11,0.2727272727272727,0.0
V0_intact,8,3,0.0,0.0
V0_intact,9,1,0.0,0.0
V0_intact,10,1,0.0,0.0
V1_shuffle,3,1136,0.1681338028169014,0.014743324151240463
V1_shuffle,4,495,0.1696969696969697,0.014535572601106448
V1_shuffle,5,93,0.1935483870967742,0.014078418394276829
V1_shuffle,6,38,0.10526315789473684,0.020099982756029578
V1_shuffle,7,11,0.0,0.014457922703093639
V1_shuffle,8,3,0.3333333333333333,0.01867708338914767
V1_shuffle,9,1,0.0,0.009805405369946
V1_shuffle,10,1,0.0,0.007690304126187
V2_reverse,3,1136,0.17077464788732394,0.017252075061616155
V2_reverse,4,495,0.19595959595959597,0.015591281697238921
V2_reverse,5,93,0.22580645161290322,0.016897001220045765
V2_reverse,6,38,0.07894736842105263,0.019319179756778816
V2_reverse,7,11,0.18181818181818182,0.02198907696585273
V2_reverse,8,3,0.0,0.026368009089151666
V2_reverse,9,1,0.0,0.011850162644271
V2_reverse,10,1,0.0,0.006202253398502
V3_delete1,3,1136,0.15316901408450703,0.016032772380402818
V3_delete1,4,495,0.16565656565656567,0.011761996253232323
V3_delete1,5,93,0.22580645161290322,0.010916321681914816
V3_delete1,6,38,0.05263157894736842,0.009074580760369972
V3_delete1,7,11,0.18181818181818182,0.013805204826292635
V3_delete1,8,3,0.0,0.0033152842148293335
V3_delete1,9,1,0.0,0.005322593992188001
V3_delete1,10,1,0.0,0.00190465832729
V4_substitute1,3,1136,0.1602112676056338,0.020884387965841012
V4_substitute1,4,495,0.16565656565656567,0.019658993610486362
V4_substitute1,5,93,0.1827956989247312,0.018926550676255184
V4_substitute1,6,38,0.13157894736842105,0.018395053202679135
V4_substitute1,7,11,0.18181818181818182,0.007004488765077183
V4_substitute1,8,3,0.0,0.0021096439083643334
V4_substitute1,9,1,0.0,0.004296674346461
V4_substitute1,10,1,0.0,0.00010698496490500001
V5_in_sentence,3,1136,0.22095070422535212,0.04620957856830777
V5_in_sentence,4,495,0.2585858585858586,0.04609116186031684
V5_in_sentence,5,93,0.2903225806451613,0.038221549077335264
V5_in_sentence,6,38,0.34210526315789475,0.032949802438317057
V5_in_sentence,7,11,0.18181818181818182,0.06528470067657365
V5_in_sentence,8,3,0.3333333333333333,0.034472870503637336
V5_in_sentence,9,1,0.0,0.039263754241134
V5_in_sentence,10,1,0.0,0.016801227427013
