experiment,group,n_paired,laya_on_overlap,lod,delta_lod_minus_laya,laya_only_right,lod_only_right,both_right,both_wrong,mcnemar_p
e1_ladder,D-hard,888,0.148649,0.063063,-0.085586,118,42,14,714,0.0
e1_ladder,D-lit,888,0.136261,0.066441,-0.06982,110,48,11,719,1e-06
e1_ladder,D-rand,888,0.351351,0.484234,0.132883,126,244,186,332,0.0
e1_ladder,D-sem,888,0.32545,0.445946,0.120495,135,242,154,357,0.0
e1_ladder,D-surf,888,0.338964,0.412162,0.073198,156,221,145,366,0.000955
e3_unit,V0_intact,180,0.116667,0.072222,-0.044444,19,11,2,148,0.200488
e3_unit,V1_shuffle,180,0.122222,0.044444,-0.077778,20,6,2,152,0.009355
e3_unit,V2_reverse,180,0.15,0.055556,-0.094444,26,9,1,144,0.005988
e3_unit,V3_delete1,180,0.111111,0.088889,-0.022222,13,9,7,151,0.523467
e3_unit,V4_substitute1,180,0.122222,0.055556,-0.066667,20,8,2,150,0.035698
e3_unit,V5_in_sentence,180,0.211111,0.188889,-0.022222,24,20,14,122,0.651588
e6_options,O0_full_bn,888,0.368243,0.492117,0.123874,144,254,183,307,0.0
e6_options,O1_trunc6,888,0.349099,0.468468,0.119369,133,239,177,339,0.0
e6_options,O2_scrambled,888,0.361486,0.478604,0.117117,130,234,191,333,0.0
e6_options,O3_english,888,0.328829,0.397523,0.068694,180,241,112,355,0.003405
e6_options,O4_labels,888,0.240991,0.233108,-0.007883,203,196,11,478,0.763934
