family,n_words,n,accuracy,acc_lo,acc_hi,LAR,mean_conf
D-hard,1,3752,0.1428571428571428,0.1313899253731343,0.1535181236673774,0.6255330490405118,0.5552147654584221
D-hard,2,3333,0.1323132313231323,0.1209120912091209,0.1437218721872186,0.6714671467146714,0.5403937893789379
D-hard,3,1143,0.1583552055993,0.1373578302712161,0.1811023622047244,0.5940507436570429,0.4743062992125985
D-hard,4,501,0.1816367265469061,0.1477045908183632,0.2135728542914171,0.5349301397205589,0.4708698602794411
D-hard,5,93,0.1612903225806451,0.0967741935483871,0.2365591397849462,0.4301075268817204,0.4326924731182795
D-hard,6,38,0.3157894736842105,0.1835526315789473,0.4736842105263157,0.4736842105263157,0.4574236842105263
D-lit,1,3752,0.1455223880597015,0.134594882729211,0.1567164179104477,0.6351279317697228,0.5607440565031983
D-lit,2,3333,0.1434143414341434,0.1314131413141314,0.1551155115511551,0.6837683768376838,0.5414322232223222
D-lit,3,1143,0.1776027996500437,0.1557305336832896,0.1986220472440943,0.594925634295713,0.475208573928259
D-lit,4,501,0.1616766467065868,0.1297405189620758,0.1936626746506983,0.5788423153692615,0.4744988023952096
D-lit,5,93,0.1935483870967742,0.1182795698924731,0.2795698924731182,0.6021505376344086,0.4544021505376344
D-lit,6,38,0.2894736842105263,0.1578947368421052,0.4473684210526316,0.4736842105263157,0.4468131578947369
D-rand,1,3752,0.3638059701492537,0.3486140724946695,0.3784648187633262,,0.4395694029850746
D-rand,2,3333,0.3792379237923792,0.3624362436243624,0.3954395439543954,,0.4392049804980498
D-rand,3,1143,0.3727034120734908,0.3447069116360455,0.4006999125109361,,0.4308221347331583
D-rand,4,501,0.3273453093812375,0.2874251497005988,0.3672654690618762,,0.4415099800399201
D-rand,5,93,0.3010752688172043,0.2150537634408602,0.3978494623655914,,0.4378010752688173
D-rand,6,38,0.1842105263157894,0.0789473684210526,0.3157894736842105,,0.4180684210526316
D-sem,1,3752,0.3248933901918976,0.3102278784648187,0.3395522388059701,,0.4296974680170576
D-sem,2,3333,0.3441344134413441,0.3282253225322532,0.3597359735973597,,0.4343209720972097
D-sem,3,1143,0.3447069116360455,0.3184601924759405,0.3727252843394574,,0.43129343832021
D-sem,4,501,0.313373253493014,0.2714570858283433,0.3532934131736527,,0.4373087824351298
D-sem,5,93,0.2258064516129032,0.1397849462365591,0.3118279569892473,,0.4310204301075268
D-sem,6,38,0.3947368421052631,0.2368421052631578,0.5526315789473685,,0.415028947368421
D-surf,1,3752,0.3576759061833688,0.3419442963752665,0.3723414179104477,,0.438327132196162
D-surf,2,3333,0.333033303330333,0.3174317431743174,0.3498424842484248,,0.4364107410741074
D-surf,3,1143,0.3079615048118985,0.2817147856517935,0.3333333333333333,,0.4345534558180227
D-surf,4,501,0.3033932135728543,0.2634730538922156,0.343313373253493,,0.4373457085828344
D-surf,5,93,0.2795698924731182,0.1935483870967742,0.3763440860215054,,0.4288354838709677
D-surf,6,38,0.2105263157894736,0.0789473684210526,0.3421052631578947,,0.4690947368421053
