id,p_gold_range
15,0.4307000000000001
43,0.3351
47,0.18599999999999997
56,0.7145
61,0.24050000000000002
62,0.22099999999999997
66,0.2997
72,0.2954
73,0.5928
89,0.18080000000000002
110,0.40880000000000005
116,0.5074
118,0.8085
128,0.1827
137,0.20840000000000003
158,0.2992
165,0.3506
167,0.4159
175,0.29960000000000003
179,0.24480000000000002
184,0.4251
204,0.0986
206,0.4711
208,0.2615
233,0.24420000000000003
235,0.5565
259,0.3971
272,0.0788
274,0.3484
277,0.438
308,0.3387
309,0.2785
320,0.3014
328,0.39050000000000007
340,0.5312
347,0.23629999999999998
349,0.33940000000000003
365,0.3344
375,0.6809999999999999
380,0.37960000000000005
385,0.4146
415,0.5363000000000001
418,0.2176
419,0.3235
455,0.15599999999999997
456,0.22009999999999996
459,0.6120000000000001
464,0.28049999999999997
490,0.2506
503,0.6352
504,0.22459999999999997
505,0.26239999999999997
525,0.237
531,0.36169999999999997
535,0.30860000000000004
538,0.4823
548,0.3247
560,0.5448
564,0.4818
572,0.321
586,0.3279
594,0.5051
595,0.43790000000000007
606,0.32310000000000005
611,0.2971
618,0.265
633,0.18710000000000002
639,0.24230000000000002
670,0.2696
675,0.4751
699,0.5018
701,0.4213
712,0.35150000000000003
727,0.11549999999999999
739,0.33149999999999996
746,0.4354
756,0.31389999999999996
779,0.24980000000000002
780,0.7548
796,0.2274
802,0.3424
812,0.41960000000000003
818,0.3167
826,0.1097
866,0.1451
869,0.30800000000000005
875,0.2543
876,0.4132
901,0.2147
908,0.3611
915,0.1978
929,0.297
933,0.4117
955,0.301
966,0.4752
971,0.7308
973,0.2387
977,0.44730000000000003
982,0.23729999999999998
983,0.3831
985,0.32799999999999996
987,0.41469999999999996
988,0.20999999999999996
1007,0.2506
1011,0.1268
1022,0.3083
1029,0.5424
1039,0.44310000000000005
1058,0.261
1066,0.20299999999999999
1114,0.12639999999999998
1150,0.2739
1173,0.4162
1206,0.3536
1210,0.544
1221,0.3549
1236,0.3413
1237,0.20090000000000002
1239,0.6365000000000001
1253,0.46830000000000005
1256,0.2996
1264,0.5009000000000001
1271,0.38589999999999997
1274,0.2492
1294,0.4801
1305,0.353
1311,0.27670000000000006
1339,0.3537
1342,0.2077
1376,0.15259999999999999
1381,0.1729
1387,0.37700000000000006
1394,0.2959
1417,0.22579999999999997
1420,0.1772
1429,0.2241
1447,0.1475
1448,0.3219
1456,0.2437
1485,0.1744
1492,0.36
1502,0.3434
1519,0.5106999999999999
1523,0.2915
1528,0.6557
1529,0.2928
1541,0.5113
1564,0.6225
1579,0.0279
1580,0.15639999999999998
1607,0.2925
1610,0.1438
1612,0.4255
1631,0.20450000000000002
1632,0.2221
1641,0.355
1647,0.3719
1649,0.2799
1678,0.3624
1703,0.35250000000000004
1708,0.3315
1744,0.16060000000000002
1758,0.34299999999999997
1764,0.4698
1765,0.403
1766,0.4914
1799,0.23709999999999998
1817,0.23249999999999998
1831,0.3546
1850,0.2624
1879,0.21639999999999998
1881,0.159
1904,0.37810000000000005
1909,0.1929
1922,0.06080000000000001
1925,0.18639999999999998
1927,0.1454
1933,0.3324
1936,0.0259
1967,0.391
1988,0.262
1995,0.12050000000000001
2005,0.1746
2019,0.4044
2026,0.2931
2036,0.2652
2042,0.4794
2046,0.18619999999999998
2059,0.36829999999999996
2099,0.3829000000000001
2113,0.6313000000000001
2121,0.3043
2147,0.0725
2154,0.3411
2162,0.5069
2163,0.5125000000000001
2166,0.2462
2177,0.1825
2226,0.3073
2228,0.6868
2268,0.3234
2271,0.1755
2273,0.2417
2282,0.2234
2290,0.5049000000000001
2294,0.2864
2302,0.8546
2315,0.33709999999999996
2331,0.2157
2352,0.4521
2388,0.5263000000000001
2391,0.2369
2411,0.27590000000000003
2414,0.5325
2422,0.4567
2429,0.2054
2442,0.3032
2445,0.6727
2453,0.23429999999999998
2454,0.22649999999999998
2469,0.42960000000000004
2476,0.0648
2477,0.3869
2478,0.4277
2516,0.20220000000000002
2518,0.4092
2524,0.3863
2539,0.0493
2558,0.3223
2561,0.2827
2564,0.5201
2578,0.265
2593,0.339
2598,0.3477
2605,0.16850000000000004
2608,0.2264
2619,0.5208
2624,0.2692
2634,0.5554
2635,0.3043
2636,0.26920000000000005
2638,0.5215
2650,0.2539
2660,0.22199999999999998
2661,0.2859
2673,0.27149999999999996
2688,0.179
2691,0.36260000000000003
2697,0.5920000000000001
2706,0.2895
2710,0.3421
2714,0.1352
2722,0.257
2729,0.27649999999999997
2730,0.2893
2738,0.3934000000000001
2748,0.1365
2767,0.32130000000000003
2796,0.3801
2804,0.32839999999999997
2809,0.41420000000000007
2815,0.20089999999999997
2821,0.4557
2828,0.3257
2850,0.4076
2859,0.54
2887,0.2641
2914,0.3205
2930,0.0141
2942,0.445
2962,0.23290000000000002
2965,0.098
2966,0.1925
2996,0.3838
2997,0.40619999999999995
3002,0.2669
3006,0.3886
3009,0.2404
3027,0.4032
3036,0.2303
3064,0.2082
3072,0.3579
3108,0.7397
3116,0.08979999999999999
3120,0.43479999999999996
3129,0.2003
3156,0.39790000000000003
3161,0.5947
3190,0.1863
3197,0.5115999999999999
3198,0.3881
3213,0.3702
3217,0.3284
3222,0.33
3227,0.45030000000000003
3231,0.2358
3240,0.6209
3243,0.4911
3244,0.4159
3247,0.2973
3258,0.792
3265,0.2842
3267,0.4830000000000001
3268,0.32330000000000003
3276,0.5770000000000001
3279,0.4087
3286,0.3431
3294,0.3208
3304,0.1849
3315,0.335
3316,0.5304
3329,0.48440000000000005
3334,0.25880000000000003
3372,0.3337
3376,0.3886
3391,0.49920000000000003
3396,0.2586
3401,0.1019
3402,0.2809
3405,0.275
3406,0.2063
3409,0.4195
3410,0.33449999999999996
3417,0.4753
3424,0.42769999999999997
3441,0.6144000000000001
3442,0.3111
3443,0.17220000000000002
3445,0.06689999999999999
3462,0.1925
3470,0.5374000000000001
3483,0.48719999999999997
3490,0.5187
3492,0.8839000000000001
3513,0.4575
3517,0.3661
3520,0.32699999999999996
3534,0.5155000000000001
3535,0.4075
3558,0.4948
3560,0.3782
3566,0.4113
3580,0.44770000000000004
3585,0.3983
3594,0.2904
3611,0.3178
3615,0.43729999999999997
3670,0.5697000000000001
3672,0.639
3676,0.3473
3677,0.3262
3687,0.21570000000000003
3709,0.18669999999999998
3723,0.37289999999999995
3732,0.16010000000000002
3752,0.23369999999999996
3753,0.6387
3761,0.0176
3766,0.24349999999999997
3793,0.15
3804,0.3652
3820,0.43240000000000006
3827,0.30389999999999995
3830,0.1192
3841,0.6781000000000001
3852,0.3197
3865,0.2286
3877,0.3055
3880,0.7836000000000001
3909,0.2767
3913,0.6454000000000001
3918,0.1448
3922,0.3155
3952,0.3284
3953,0.23409999999999997
3954,0.6343000000000001
3967,0.29860000000000003
3984,0.5176000000000001
3989,0.3266
4010,0.3259
4013,0.264
4014,0.1437
4021,0.38560000000000005
4022,0.154
4033,0.3025
4043,0.3748
4093,0.4371
4116,0.28890000000000005
4119,0.2938
4147,0.10859999999999999
4148,0.3036
4163,0.393
4169,0.2029
4178,0.32020000000000004
4189,0.32880000000000004
4193,0.6234
4202,0.5038
4210,0.1201
4213,0.2726
4221,0.23420000000000002
4227,0.2812
4229,0.5167
4233,0.48419999999999996
4236,0.2052
4250,0.11789999999999999
4277,0.3529
4327,0.4244
4334,0.37929999999999997
4339,0.31570000000000004
4348,0.3574
4351,0.1838
4362,0.36160000000000003
4389,0.1464
4391,0.3003
4392,0.185
4403,0.5663
4405,0.3101
4418,0.1292
4421,0.124
4429,0.4258
4430,0.0261
4433,0.19749999999999998
4441,0.3928
4443,0.2236
4453,0.36869999999999997
4458,0.30679999999999996
4467,0.5044000000000001
4471,0.45790000000000003
4475,0.322
4476,0.48660000000000003
4477,0.2622
4488,0.1564
4493,0.4395
4499,0.6475000000000001
4509,0.20640000000000003
4517,0.41300000000000003
4524,0.2925
4525,0.4391
4545,0.18439999999999998
4551,0.5307
4552,0.3242
4556,0.7179
4582,0.3869
4602,0.4213
4633,0.3819
4654,0.4049
4666,0.1168
4675,0.3306
4682,0.40299999999999997
4683,0.3318
4702,0.2558
4722,0.2926
4737,0.37460000000000004
4750,0.18780000000000002
4778,0.1923
4819,0.3006
4828,0.3342
4840,0.262
4871,0.34650000000000003
4880,0.45899999999999996
4888,0.3986
4889,0.1971
4895,0.2599
4900,0.3493
4910,0.59
4916,0.2251
4930,0.3157
4963,0.2558
5003,0.18300000000000002
5006,0.4572
5051,0.2122
5052,0.21789999999999998
5053,0.5628000000000001
5072,0.2203
5090,0.3246
5108,0.2936
5110,0.3568
5115,0.6772
5128,0.8194
5142,0.2708
5143,0.40750000000000003
5146,0.0114
5151,0.40390000000000004
5162,0.2121
5173,0.348
5196,0.27040000000000003
5198,0.3575
5203,0.3641
5221,0.2657
5224,0.4027
5237,0.4264
5238,0.5926
5242,0.1895
5250,0.33140000000000003
5252,0.3153
5253,0.4847
5277,0.2836
5282,0.4761
5295,0.2635
5303,0.3715
5308,0.42190000000000005
5316,0.2021
5319,0.43810000000000004
5320,0.2615
5324,0.2138
5331,0.3084
5345,0.4485
5357,0.338
5367,0.15159999999999998
5382,0.3256
5401,0.25229999999999997
5411,0.4387
5419,0.3791
5423,0.4176
5428,0.4142
5433,0.32549999999999996
5441,0.42990000000000006
5449,0.37770000000000004
5452,0.3962
5459,0.462
5497,0.3126
5502,0.4258
5510,0.2596
5518,0.32980000000000004
5525,0.1783
5550,0.396
5563,0.2283
5591,0.6713
5594,0.20729999999999998
5607,0.4573
5612,0.2508
5629,0.3354
5636,0.20309999999999997
5638,0.2784
5646,0.2255
5649,0.3941
5667,0.6858000000000001
5674,0.2925
5691,0.4533
5713,0.2429
5730,0.47230000000000005
5784,0.25760000000000005
5787,0.3035
5788,0.5381
5798,0.42080000000000006
5801,0.32349999999999995
5804,0.3183
5810,0.5766000000000001
5812,0.374
5826,0.2804
5828,0.47250000000000003
5847,0.319
5869,0.6397
5876,0.3512
5903,0.2602
5913,0.4333
5935,0.4639000000000001
5962,0.6353
5973,0.3096
5974,0.1704
5975,0.28809999999999997
5982,0.4345
5993,0.33190000000000003
5999,0.24779999999999996
6001,0.30989999999999995
6009,0.1109
6017,0.3333
6020,0.1207
6041,0.30060000000000003
6062,0.518
6065,0.4234
6071,0.2525
6091,0.8238
6109,0.3426
6124,0.48290000000000005
6132,0.48560000000000003
6138,0.07780000000000001
6149,0.3676
6160,0.43820000000000003
6175,0.486
6188,0.6109
6199,0.3308
6219,0.2617
6237,0.4364
6238,0.5097
6242,0.46830000000000005
6255,0.4306
6260,0.1358
6275,0.2715
6277,0.2642
6279,0.33649999999999997
6282,0.1794
6315,0.16069999999999998
6319,0.3787
6329,0.24819999999999998
6336,0.17049999999999998
6339,0.7582000000000001
6343,0.7956000000000001
6344,0.3642000000000001
6347,0.19799999999999998
6352,0.6777000000000001
6359,0.5018
6393,0.2962
6400,0.2106
6408,0.3297
6417,0.2404
6418,0.5934
6421,0.3377
6429,0.8041
6430,0.17959999999999998
6441,0.6939
6445,0.3457
6460,0.44989999999999997
6464,0.4354
6465,0.2535
6470,0.172
6472,0.5599
6473,0.5963999999999999
6480,0.37670000000000003
6483,0.2919
6534,0.33899999999999997
6538,0.17359999999999998
6545,0.26039999999999996
6557,0.19669999999999999
6561,0.2135
6562,0.5856
6569,0.35059999999999997
6571,0.3329
6573,0.26
6574,0.3866
6591,0.3045
6594,0.433
6619,0.6093999999999999
6620,0.5534000000000001
6629,0.3947
6636,0.4868
6656,0.1979
6670,0.4469000000000001
6674,0.4504
6676,0.5183000000000001
6683,0.6368
6714,0.7518
6715,0.40080000000000005
6726,0.6273
6752,0.15489999999999998
6759,0.6737000000000001
6769,0.3436
6776,0.45210000000000006
6804,0.5941
6813,0.44510000000000005
6831,0.2687
6832,0.5092
6862,0.2839
6871,0.19339999999999996
6880,0.4196
6906,0.36150000000000004
6913,0.4302
6915,0.2943
6916,0.4266000000000001
6924,0.327
6927,0.48310000000000003
6940,0.33290000000000003
6944,0.1669
6978,0.25129999999999997
6981,0.3514
6990,0.2824
6992,0.18650000000000003
7002,0.3423
7007,0.2646
7019,0.5154
7048,0.3326
7051,0.4403000000000001
7087,0.2296
7099,0.3099
7105,0.23270000000000002
7121,0.1175
7128,0.2548
7130,0.2212
7150,0.4754
7169,0.24719999999999998
7184,0.5945
7189,0.0511
7195,0.13399999999999998
7197,0.2425
7198,0.6748000000000001
7205,0.4003
7211,0.2678
7215,0.1994
7227,0.316
7262,0.2716
7273,0.1354
7274,0.20179999999999998
7277,0.2491
7279,0.0817
7282,0.4786000000000001
7291,0.1706
7303,0.13890000000000002
7330,0.2669
7336,0.4396
7349,0.4309
7363,0.23180000000000003
7367,0.3539
7377,0.1635
7381,0.48619999999999997
7392,0.3871
7396,0.2516
7397,0.4022
7413,0.36550000000000005
7417,0.0683
7425,0.0475
7435,0.38550000000000006
7438,0.3218
7447,0.3054
7451,0.3517
7465,0.5497
7477,0.7130000000000001
7478,0.48260000000000003
7482,0.3779
7487,0.3687
7489,0.2305
7490,0.5960000000000001
7494,0.4784
7515,0.2839
7526,0.2688
7531,0.48850000000000005
7539,0.3432
7542,0.263
7588,0.5266000000000001
7591,0.2762
7592,0.14859999999999998
7601,0.37
7602,0.3311
7618,0.3245
7625,0.3106
7626,0.514
7661,0.5829
7671,0.4094
7689,0.26
7690,0.3328
7695,0.5436
7698,0.2289
7701,0.2856
7708,0.22340000000000002
7710,0.33509999999999995
7729,0.3732
7751,0.2803
7758,0.32289999999999996
7764,0.3892
7768,0.253
7775,0.5629000000000001
7779,0.3742
7809,0.0853
7811,0.33230000000000004
7827,0.4907000000000001
7833,0.1512
7842,0.5621
7847,0.3684
7857,0.128
7858,0.2486
7869,0.19299999999999998
7879,0.20259999999999997
7893,0.47140000000000004
7895,0.42869999999999997
7898,0.3509
7923,0.47440000000000004
7937,0.1745
7938,0.172
7968,0.5467
7996,0.4637
8004,0.1217
8009,0.25529999999999997
8016,0.4882000000000001
8017,0.4148
8028,0.2613
8031,0.2517
8034,0.43029999999999996
8061,0.3708
8062,0.3098
8092,0.442
8116,0.351
8122,0.314
8134,0.2822
8140,0.3309
8145,0.38220000000000004
8158,0.19219999999999998
8166,0.34230000000000005
8167,0.853
8170,0.5402
8185,0.2702
8186,0.234
8188,0.3428
8203,0.2935
8215,0.42689999999999995
8227,0.2909
8236,0.2936
8243,0.4448
8244,0.22730000000000003
8249,0.36050000000000004
8263,0.23219999999999996
8266,0.4514
8269,0.1148
8272,0.2248
8288,0.3302
8302,0.16790000000000002
8321,0.3567
8324,0.26139999999999997
8337,0.6438
8345,0.2227
8367,0.4993
8373,0.2658
8376,0.2798
8379,0.3211
8408,0.3635
8414,0.39659999999999995
8442,0.0892
8448,0.25529999999999997
8457,0.14809999999999998
8494,0.2502
8503,0.2741
8507,0.2556
8509,0.182
8552,0.21819999999999998
8554,0.48280000000000006
8556,0.3483
8571,0.3471
8575,0.202
8590,0.20190000000000002
8597,0.0606
8635,0.4837000000000001
8645,0.493
8654,0.1279
8691,0.1366
8702,0.43420000000000003
8713,0.4645
8715,0.1224
8719,0.38689999999999997
8720,0.21269999999999997
8737,0.2653
8747,0.3033
8782,0.1234
8788,0.3333
8794,0.3153
8824,0.35319999999999996
8832,0.43629999999999997
8846,0.231
8851,0.4399
8857,0.3666
8868,0.3508
8874,0.3887
8906,0.2422
8913,0.3312
8914,0.4155
8915,0.1914
8948,0.27549999999999997
8952,0.29800000000000004
8965,0.34190000000000004
8967,0.2884
8990,0.4102
8998,0.3709
9004,0.2458
9021,0.3033
9054,0.4747
9063,0.3449000000000001
9064,0.3035
9077,0.22779999999999997
9083,0.201
9103,0.1883
9104,0.587
9107,0.21150000000000002
9114,0.19479999999999997
9124,0.5726000000000001
9137,0.4105
9145,0.43460000000000004
9150,0.3716
9152,0.4141
9168,0.44870000000000004
9178,0.4628
9180,0.3272
9205,0.1729
9212,0.16319999999999998
9219,0.3992
9222,0.5965
9237,0.47240000000000004
9243,0.3082
9251,0.6917
9267,0.19219999999999998
9274,0.2133
9290,0.5575
9297,0.5152
9311,0.5474
9327,0.2507
9329,0.2021
9336,0.39990000000000003
9342,0.2637
9351,0.2008
9376,0.2774
9377,0.5530999999999999
9379,0.3428
9384,0.41790000000000005
9388,0.43190000000000006
9389,0.4622
9407,0.33909999999999996
9425,0.26890000000000003
9435,0.33209999999999995
9462,0.3035
9477,0.44389999999999996
9485,0.16729999999999998
9491,0.4062
9493,0.47640000000000005
9504,0.4877000000000001
9522,0.7347000000000001
9557,0.6020000000000001
9570,0.5238
9588,0.3548
9590,0.3587
9598,0.528
9602,0.533
9611,0.4148
9613,0.3991
9639,0.2544
9641,0.15719999999999998
9651,0.2601
9656,0.2764
9658,0.2177
9665,0.206
9668,0.2739
9695,0.47400000000000003
9726,0.4446
9733,0.2958
9738,0.20120000000000002
9741,0.4157
9757,0.32099999999999995
9767,0.4558
9783,0.43850000000000006
9784,0.2395
9796,0.2436
9799,0.3794
9812,0.2707
9826,0.677
9836,0.26230000000000003
9848,0.317
9869,0.1636
9870,0.2808
9876,0.207
9887,0.3598
9891,0.2611
9895,0.2737
9897,0.4438
9900,0.1831
9923,0.16490000000000002
9924,0.28700000000000003
9932,0.5548000000000001
9945,0.38839999999999997
9946,0.1338
9950,0.2682
9957,0.309
9979,0.3102
9982,0.6173
9991,0.75
10005,0.4173
10013,0.12190000000000001
10041,0.5866
10049,0.2026
10050,0.31210000000000004
10078,0.3308
10079,0.5886000000000001
10081,0.3623
10146,0.3671
10156,0.27649999999999997
10179,0.47269999999999995
10186,0.5690000000000001
10198,0.2928
10200,0.11019999999999999
10211,0.43600000000000005
10214,0.32130000000000003
10243,0.4934
10256,0.24250000000000002
10259,0.15799999999999997
10280,0.1297
10282,0.1719
10290,0.5004000000000001
10294,0.43170000000000003
10303,0.1915
10309,0.4016
10315,0.5559000000000001
10316,0.44060000000000005
10320,0.26749999999999996
10335,0.3843
10342,0.43340000000000006
10355,0.47140000000000004
10358,0.5421
10359,0.15760000000000002
