form,arm,label,n,accuracy,acc_lo,acc_hi,delta_vs_full,answer_agreement_with_full,mean_jsd_vs_full,mean_p_gold,mean_conf,mean_opt_tokens,semantic_signal_retained
O0_full_bn,laya-ml,full Bangla gloss,8876,0.3649166291122127,0.3545487832356917,0.37472115817936,0.0,1.0,0.0,0.3011841595313204,0.4382615592609283,19.19456962595764,1.0
O1_trunc6,laya-ml,truncated to 6 words,8876,0.3613114015322217,0.3511688823794502,0.3713384407390716,-0.0036052275799909,0.7041460117169897,0.0137432684492043,0.3007692654348805,0.4392203920684993,16.04968454258675,0.9669762641898864
O2_scrambled,laya-ml,word-scrambled,8876,0.3566922036953582,0.3467778278503831,0.3666065795403335,-0.0082244254168544,0.5274898602974313,0.0312835121000438,0.2977181613339342,0.4417924628210906,19.19456962595764,0.9246646026831782
O3_english,laya-ml,English gloss,8876,0.3468904912122578,0.3365254619197836,0.3570358269490761,-0.0180261378999549,0.3639026588553402,0.0708188036385627,0.3030424515547544,0.4992018814781433,32.99842271293375,0.8348813209494323
O4_labels,laya-ml,semantics removed,8876,0.2557458314556106,0.2470707525912573,0.2650968904912122,-0.109170797656602,0.1153672825597115,0.0961331079304867,0.251029450202794,0.505963046417305,8.0,0.0
O0_full_bn,lod-lille-0.6b,full Bangla gloss,888,0.4921171171171171,0.4594594594594595,0.5225225225225225,0.0,1.0,0.0,0.3643378677257742,0.444343805917211,19.530405405405407,1.0
O1_trunc6,lod-lille-0.6b,truncated to 6 words,888,0.4684684684684684,0.4358108108108108,0.5011261261261262,-0.0236486486486486,0.8108108108108109,0.0049171821066009,0.3576064130610168,0.4378673324176852,16.186936936936938,0.9086956521739128
O2_scrambled,lod-lille-0.6b,word-scrambled,888,0.4786036036036036,0.4448198198198198,0.5112612612612613,-0.0135135135135135,0.7184684684684685,0.0094878500106763,0.3602405382018229,0.4356053989749766,19.530405405405407,0.9478260869565216
O3_english,lod-lille-0.6b,English gloss,888,0.3975225225225225,0.3648367117117117,0.4268299549549548,-0.0945945945945946,0.4087837837837837,0.0471984371611026,0.3230393653334877,0.4535253286563057,33.22747747747748,0.6347826086956521
O4_labels,lod-lille-0.6b,semantics removed,888,0.2331081081081081,0.2049549549549549,0.2612612612612612,-0.259009009009009,0.2511261261261261,0.0419644226827977,0.2490745046184402,0.2819397667641033,8.0,0.0
