arm,position,key,gold_share,selection_share,accuracy_when_gold_here,acc_lo,acc_hi,mean_p_at_position,language
laya-ml,0,A,0.2509689049121226,0.1460567823343848,0.1523612856886335,0.1458071467049739,0.1591847728497037,0.2042088823794502,
laya-ml,1,B,0.2545741324921136,0.3722172149616944,0.4028146574614976,0.3933417419012214,0.4119313152770402,0.2978871090581343,
laya-ml,2,C,0.2477242000901307,0.2667417755745832,0.2837002001091504,0.2750568491904675,0.292345824995452,0.2610260094637223,
laya-ml,3,D,0.2467327625056331,0.2149842271293375,0.224931506849315,0.2168036529680365,0.2329680365296803,0.2368781140153222,
lod-lille-0.6b,0,A,0.2367117117117117,0.2698198198198198,0.3177925784966698,0.291151284490961,0.3472882968601332,0.2554286915181998,
lod-lille-0.6b,1,B,0.2614864864864865,0.2684684684684684,0.3298880275624462,0.3023255813953488,0.359173126614987,0.2569676087921305,
lod-lille-0.6b,2,C,0.2518018018018018,0.2443693693693693,0.2790697674418604,0.2531305903398926,0.3041144901610018,0.2507639205210215,
lod-lille-0.6b,3,D,0.25,0.2173423423423423,0.2504504504504504,0.2243243243243243,0.2765765765765766,0.2368397797202292,
jev-1.13,0,A,0.2494007533386599,0.2871818285583837,0.7867276887871854,0.7688787185354691,0.8045766590389016,0.2840360689419016,bn
jev-1.13,1,B,0.2483734733477913,0.255792717726287,0.7339154411764706,0.7159926470588235,0.7518382352941176,0.2539881292089944,bn
jev-1.13,2,C,0.2525967355324734,0.2414107978541262,0.7284229552643471,0.709896068685043,0.7464979665612291,0.2388973861431343,bn
jev-1.13,3,D,0.2496290377810752,0.215614655861203,0.6931870141746685,0.6721536351165981,0.7114883401920438,0.2229871019290035,bn
